fips,statefips,round,countyname,statename
56025,56,148.75,Natrona,Wyoming
1101,1,53.42,Montgomery,Alabama
40109,40,84.58,Oklahoma,Oklahoma
5115,5,75.83,Pope,Arkansas
20189,20,69.17,Stevens,Kansas
48139,48,105.42,Ellis,Texas
16027,16,104.08,Canyon,Idaho
17029,17,57.92,Coles,Illinois
4027,4,99.33,Yuma,Arizona
47131,47,44.75,Obion,Tennessee
26161,26,178.00,Washtenaw,Michigan
4003,4,83.00,Cochise,Arizona
31131,31,90.92,Otoe,Nebraska
42099,42,100.33,Perry,Pennsylvania
12019,12,100.33,Clay,Florida
1123,1,71.58,Tallapoosa,Alabama
45057,45,93.00,Lancaster,South Carolina
6111,6,333.58,Ventura,California
28071,28,107.17,Lafayette,Mississippi
55101,55,90.92,Racine,Wisconsin
48193,48,63.58,Hamilton,Texas
13159,13,79.25,Jasper,Georgia
51550,51,132.00,Chesapeake City,Virginia
33017,33,144.00,Strafford,New Hampshire
6089,6,159.00,Shasta,California
40039,40,83.42,Custer,Oklahoma
39029,39,71.58,Columbiana,Ohio
40053,40,61.00,Grant,Oklahoma
51610,51,420.67,Falls Church City,Virginia
25015,25,168.75,Hampshire,Massachusetts
13177,13,81.75,Lee,Georgia
26107,26,72.50,Mecosta,Michigan
6083,6,383.08,Santa Barbara,California
37119,37,114.08,Mecklenburg,North Carolina
29221,29,84.00,Washington,Missouri
1117,1,135.00,Shelby,Alabama
41003,41,187.67,Benton,Oregon
26121,26,85.00,Muskegon,Michigan
28137,28,83.33,Tate,Mississippi
49057,49,149.50,Weber,Utah
36045,36,90.17,Jefferson,New York
48367,48,116.92,Parker,Texas
42089,42,87.08,Monroe,Pennsylvania
39157,39,83.67,Tuscarawas,Ohio
40133,40,48.17,Seminole,Oklahoma
36037,36,77.75,Genesee,New York
44007,44,165.83,Providence,Rhode Island
41033,41,165.00,Josephine,Oregon
51019,51,119.50,Bedford,Virginia
28045,28,84.92,Hancock,Mississippi
20145,20,53.17,Pawnee,Kansas
18087,18,93.50,Lagrange,Indiana
28091,28,60.33,Marion,Mississippi
22069,22,92.00,Natchitoches,Louisiana
42101,42,105.25,Philadelphia,Pennsylvania
51111,51,69.92,Lunenburg,Virginia
12015,12,122.50,Charlotte,Florida
8041,8,137.67,El Paso,Colorado
39129,39,98.25,Pickaway,Ohio
13073,13,91.00,Columbia,Georgia
20095,20,57.83,Kingman,Kansas
9011,9,147.00,New London,Connecticut
21173,21,76.83,Montgomery,Kentucky
26087,26,106.67,Lapeer,Michigan
27109,27,162.83,Olmsted,Minnesota
8015,8,222.67,Chaffee,Colorado
30009,30,161.50,Carbon,Montana
51085,51,137.67,Hanover,Virginia
42019,42,125.17,Butler,Pennsylvania
31055,31,113.83,Douglas,Nebraska
6079,6,344.75,San Luis Obispo,California
6015,6,131.25,Del Norte,California
22097,22,76.08,Saint Landry,Louisiana
5085,5,84.75,Lonoke,Arkansas
31177,31,123.50,Washington,Nebraska
26115,26,91.08,Monroe,Michigan
40013,40,74.33,Bryan,Oklahoma
47061,47,52.00,Grundy,Tennessee
55039,55,77.75,Fond du Lac,Wisconsin
51790,51,113.00,Staunton City,Virginia
13039,13,93.08,Camden,Georgia
20087,20,83.08,Jefferson,Kansas
27161,27,112.17,Waseca,Minnesota
18071,18,79.08,Jackson,Indiana
35031,35,82.67,McKinley,New Mexico
13069,13,57.58,Coffee,Georgia
31079,31,118.25,Hall,Nebraska
8075,8,99.08,Logan,Colorado
27095,27,121.25,Mille Lacs,Minnesota
28097,28,52.50,Montgomery,Mississippi
6093,6,122.17,Siskiyou,California
13151,13,80.33,Henry,Georgia
33003,33,137.67,Carroll,New Hampshire
18173,18,85.42,Warrick,Indiana
18129,18,79.50,Posey,Indiana
21137,21,76.08,Lincoln,Kentucky
39085,39,93.92,Lake,Ohio
18155,18,69.42,Switzerland,Indiana
4019,4,116.92,Pima,Arizona
45015,45,114.33,Berkeley,South Carolina
47155,47,114.58,Sevier,Tennessee
36013,36,60.50,Chautauqua,New York
27023,27,42.08,Chippewa,Minnesota
30087,30,156.67,Rosebud,Montana
28117,28,53.17,Prentiss,Mississippi
17197,17,117.25,Will,Illinois
31107,31,59.83,Knox,Nebraska
51093,51,125.08,Isle of Wight,Virginia
47053,47,48.50,Gibson,Tennessee
12035,12,109.92,Flagler,Florida
17095,17,59.92,Knox,Illinois
20079,20,73.67,Harvey,Kansas
5119,5,77.08,Pulaski,Arkansas
39055,39,112.83,Geauga,Ohio
6081,6,816.92,San Mateo,California
13059,13,88.33,Clarke,Georgia
36021,36,142.92,Columbia,New York
18119,18,70.00,Owen,Indiana
34033,34,94.17,Salem,New Jersey
36117,36,80.08,Wayne,New York
17163,17,82.25,Saint Clair,Illinois
42125,42,103.50,Washington,Pennsylvania
17007,17,84.92,Boone,Illinois
26055,26,151.08,Grand Traverse,Michigan
20163,20,54.92,Rooks,Kansas
56041,56,110.08,Uinta,Wyoming
45027,45,67.08,Clarendon,South Carolina
18171,18,54.67,Warren,Indiana
51620,51,63.83,Franklin City,Virginia
29027,29,75.25,Callaway,Missouri
12085,12,153.58,Martin,Florida
48273,48,64.08,Kleberg,Texas
25007,25,469.58,Dukes,Massachusetts
40131,40,82.00,Rogers,Oklahoma
47143,47,77.50,Rhea,Tennessee
18025,18,59.58,Crawford,Indiana
27037,27,218.58,Dakota,Minnesota
29157,29,94.25,Perry,Missouri
18131,18,59.33,Pulaski,Indiana
47099,47,60.17,Lawrence,Tennessee
13071,13,53.67,Colquitt,Georgia
39023,39,77.08,Clark,Ohio
42055,42,95.67,Franklin,Pennsylvania
53061,53,235.00,Snohomish,Washington
12069,12,111.92,Lake,Florida
40019,40,70.00,Carter,Oklahoma
8067,8,235.08,La Plata,Colorado
13277,13,73.08,Tift,Georgia
21021,21,77.08,Boyle,Kentucky
40113,40,69.92,Osage,Oklahoma
6061,6,243.67,Placer,California
6009,6,180.75,Calaveras,California
37113,37,91.33,Macon,North Carolina
46103,46,163.08,Pennington,South Dakota
37135,37,151.92,Orange,North Carolina
27019,27,180.67,Carver,Minnesota
48265,48,108.08,Kerr,Texas
39103,39,111.83,Medina,Ohio
32031,32,188.42,Washoe,Nevada
12081,12,144.33,Manatee,Florida
20023,20,60.17,Cheyenne,Kansas
39007,39,66.00,Ashtabula,Ohio
18021,18,66.50,Clay,Indiana
48457,48,71.25,Tyler,Texas
28057,28,60.25,Itawamba,Mississippi
56031,56,120.25,Platte,Wyoming
30013,30,137.67,Cascade,Montana
35045,35,108.92,San Juan,New Mexico
47129,47,66.58,Morgan,Tennessee
41039,41,177.50,Lane,Oregon
48047,48,58.42,Brooks,Texas
8029,8,121.58,Delta,Colorado
31097,31,59.08,Johnson,Nebraska
6031,6,129.33,Kings,California
37067,37,82.75,Forsyth,North Carolina
20025,20,50.08,Clark,Kansas
32019,32,137.83,Lyon,Nevada
54011,54,66.17,Cabell,West Virginia
35061,35,58.25,Valencia,New Mexico
37001,37,90.83,Alamance,North Carolina
55049,55,88.67,Iowa,Wisconsin
47159,47,80.17,Smith,Tennessee
38035,38,110.25,Grand Forks,North Dakota
51031,51,92.50,Campbell,Virginia
19179,19,67.42,Wapello,Iowa
1017,1,46.58,Chambers,Alabama
26117,26,71.08,Montcalm,Michigan
30067,30,169.50,Park,Montana
47101,47,51.33,Lewis,Tennessee
54033,54,76.33,Harrison,West Virginia
28059,28,73.92,Jackson,Mississippi
20027,20,65.33,Clay,Kansas
26099,26,113.50,Macomb,Michigan
6013,6,378.25,Contra Costa,California
12021,12,205.75,Collier,Florida
48019,48,127.75,Bandera,Texas
24041,24,161.42,Talbot,Maryland
36039,36,108.75,Greene,New York
6057,6,245.50,Nevada,California
37061,37,59.42,Duplin,North Carolina
51119,51,140.42,Middlesex,Virginia
12117,12,132.42,Seminole,Florida
20069,20,70.67,Gray,Kansas
21227,21,99.08,Warren,Kentucky
27099,27,79.00,Mower,Minnesota
29099,29,125.67,Jefferson,Missouri
51590,51,48.50,Danville City,Virginia
26145,26,60.17,Saginaw,Michigan
29029,29,99.25,Camden,Missouri
20141,20,52.42,Osborne,Kansas
37167,37,80.67,Stanly,North Carolina
42095,42,121.92,Northampton,Pennsylvania
53065,53,132.42,Stevens,Washington
55105,55,94.92,Rock,Wisconsin
40101,40,61.33,Muskogee,Oklahoma
8101,8,114.92,Pueblo,Colorado
1069,1,81.58,Houston,Alabama
27025,27,173.00,Chisago,Minnesota
13009,13,67.17,Baldwin,Georgia
20119,20,54.33,Meade,Kansas
21177,21,59.83,Muhlenberg,Kentucky
48255,48,50.25,Karnes,Texas
12075,12,84.50,Levy,Florida
51121,51,114.25,Montgomery,Virginia
23031,23,193.58,York,Maine
41015,41,188.67,Curry,Oregon
25021,25,283.67,Norfolk,Massachusetts
48119,48,49.75,Delta,Texas
36101,36,62.17,Steuben,New York
36075,36,66.75,Oswego,New York
13301,13,36.25,Warren,Georgia
54037,54,107.58,Jefferson,West Virginia
28115,28,61.00,Pontotoc,Mississippi
55055,55,105.50,Jefferson,Wisconsin
34009,34,286.42,Cape May,New Jersey
29201,29,71.83,Scott,Missouri
47087,47,64.17,Jackson,Tennessee
22017,22,73.33,Caddo,Louisiana
20057,20,89.58,Ford,Kansas
53017,53,199.83,Douglas,Washington
39107,39,91.50,Mercer,Ohio
51810,51,149.00,Virginia Beach City,Virginia
22015,22,107.08,Bossier,Louisiana
36121,36,65.50,Wyoming,New York
5063,5,61.92,Independence,Arkansas
37087,37,123.58,Haywood,North Carolina
51735,51,146.33,Poquoson City,Virginia
13143,13,66.75,Haralson,Georgia
18167,18,57.50,Vigo,Indiana
45091,45,106.50,York,South Carolina
42083,42,47.92,McKean,Pennsylvania
12103,12,149.00,Pinellas,Florida
53073,53,198.92,Whatcom,Washington
50001,50,131.50,Addison,Vermont
37099,37,124.42,Jackson,North Carolina
45013,45,167.83,Beaufort,South Carolina
20131,20,63.58,Nemaha,Kansas
25005,25,197.08,Bristol,Massachusetts
1125,1,88.08,Tuscaloosa,Alabama
48391,48,47.83,Refugio,Texas
1081,1,88.67,Lee,Alabama
30017,30,140.50,Custer,Montana
39101,39,65.00,Marion,Ohio
36061,36,1448.92,New York,New York
28141,28,57.08,Tishomingo,Mississippi
51800,51,120.58,Suffolk City,Virginia
41035,41,103.25,Klamath,Oregon
1097,1,69.83,Mobile,Alabama
37021,37,172.00,Buncombe,North Carolina
18103,18,54.67,Miami,Indiana
55093,55,105.50,Pierce,Wisconsin
42041,42,115.92,Cumberland,Pennsylvania
37107,37,54.00,Lenoir,North Carolina
39037,39,74.17,Darke,Ohio
18063,18,96.25,Hendricks,Indiana
39005,39,84.50,Ashland,Ohio
40017,40,92.08,Canadian,Oklahoma
55035,55,111.67,Eau Claire,Wisconsin
18033,18,80.17,De Kalb,Indiana
30041,30,162.17,Hill,Montana
23023,23,139.25,Sagadahoc,Maine
27057,27,117.17,Hubbard,Minnesota
48445,48,59.50,Terry,Texas
24035,24,172.08,Queen Annes,Maryland
47163,47,76.67,Sullivan,Tennessee
19183,19,93.25,Washington,Iowa
20099,20,36.75,Labette,Kansas
13169,13,66.75,Jones,Georgia
18111,18,69.00,Newton,Indiana
49037,49,201.25,San Juan,Utah
36017,36,58.17,Chenango,New York
49041,49,97.50,Sevier,Utah
55133,55,151.08,Waukesha,Wisconsin
8003,8,103.25,Alamosa,Colorado
47083,47,58.67,Houston,Tennessee
13033,13,50.42,Burke,Georgia
48115,48,43.00,Dawson,Texas
16013,16,295.50,Blaine,Idaho
51065,51,121.50,Fluvanna,Virginia
48153,48,51.83,Floyd,Texas
51540,51,219.17,Charlottesville City,Virginia
12033,12,86.58,Escambia,Florida
8031,8,322.08,Denver,Colorado
42003,42,103.17,Allegheny,Pennsylvania
53031,53,216.08,Jefferson,Washington
55083,55,89.67,Oconto,Wisconsin
28017,28,44.17,Chickasaw,Mississippi
42071,42,128.33,Lancaster,Pennsylvania
44003,44,174.42,Kent,Rhode Island
27043,27,77.17,Faribault,Minnesota
17099,17,76.33,La Salle,Illinois
6029,6,128.83,Kern,California
50021,50,87.58,Rutland,Vermont
29077,29,78.42,Greene,Missouri
55017,55,92.58,Chippewa,Wisconsin
29037,29,112.25,Cass,Missouri
20205,20,46.00,Wilson,Kansas
20073,20,48.58,Greenwood,Kansas
20059,20,75.67,Franklin,Kansas
13153,13,70.25,Houston,Georgia
47185,47,75.42,White,Tennessee
36041,36,119.17,Hamilton,New York
31053,31,101.33,Dodge,Nebraska
47041,47,79.17,Dekalb,Tennessee
47103,47,68.17,Lincoln,Tennessee
19153,19,127.50,Polk,Iowa
6035,6,115.08,Lassen,California
20051,20,90.83,Ellis,Kansas
26049,26,44.25,Genesee,Michigan
48389,48,48.67,Reeves,Texas
31025,31,117.25,Cass,Nebraska
4009,4,89.58,Graham,Arizona
6059,6,415.50,Orange,California
47167,47,72.00,Tipton,Tennessee
47157,47,69.17,Shelby,Tennessee
37007,37,46.25,Anson,North Carolina
48473,48,92.75,Waller,Texas
20003,20,49.92,Anderson,Kansas
20041,20,69.50,Dickinson,Kansas
36023,36,78.58,Cortland,New York
18177,18,62.17,Wayne,Indiana
37039,37,88.25,Cherokee,North Carolina
48149,48,100.17,Fayette,Texas
6045,6,240.42,Mendocino,California
53057,53,200.25,Skagit,Washington
13261,13,48.17,Sumter,Georgia
20159,20,49.08,Rice,Kansas
40009,40,69.08,Beckham,Oklahoma
30095,30,135.17,Stillwater,Montana
6067,6,212.50,Sacramento,California
40065,40,53.83,Jackson,Oklahoma
55031,55,87.25,Douglas,Wisconsin
42063,42,81.58,Indiana,Pennsylvania
51191,51,92.17,Washington,Virginia
40083,40,92.75,Logan,Oklahoma
8059,8,242.42,Jefferson,Colorado
18013,18,120.83,Brown,Indiana
41043,41,154.08,Linn,Oregon
32005,32,204.67,Douglas,Nevada
8083,8,139.92,Montezuma,Colorado
37169,37,83.08,Stokes,North Carolina
36103,36,320.42,Suffolk,New York
25025,25,454.75,Suffolk,Massachusetts
39073,39,59.83,Hocking,Ohio
13087,13,64.92,Decatur,Georgia
37089,37,134.83,Henderson,North Carolina
13117,13,123.58,Forsyth,Georgia
48331,48,63.58,Milam,Texas
27027,27,120.83,Clay,Minnesota
26017,26,45.25,Bay,Michigan
27035,27,136.33,Crow Wing,Minnesota
4007,4,141.33,Gila,Arizona
55073,55,80.50,Marathon,Wisconsin
1055,1,53.92,Etowah,Alabama
21113,21,95.50,Jessamine,Kentucky
18137,18,80.75,Ripley,Indiana
56009,56,155.58,Converse,Wyoming
39123,39,104.75,Ottawa,Ohio
13305,13,63.83,Wayne,Georgia
20089,20,48.42,Jewell,Kansas
23011,23,101.92,Kennebec,Maine
28153,28,57.00,Wayne,Mississippi
13257,13,64.58,Stephens,Georgia
39003,39,66.00,Allen,Ohio
5141,5,67.08,Van Buren,Arkansas
34025,34,211.17,Monmouth,New Jersey
13029,13,109.83,Bryan,Georgia
27049,27,140.67,Goodhue,Minnesota
34013,34,209.92,Essex,New Jersey
45063,45,83.92,Lexington,South Carolina
22055,22,107.92,Lafayette,Louisiana
30057,30,163.08,Madison,Montana
47019,47,79.00,Carter,Tennessee
13213,13,78.25,Murray,Georgia
2110,2,211.83,Juneau,Alaska
48099,48,65.42,Coryell,Texas
37057,37,85.00,Davidson,North Carolina
6025,6,139.42,Imperial,California
17109,17,68.58,McDonough,Illinois
5091,5,73.08,Miller,Arkansas
51057,51,105.67,Essex,Virginia
37077,37,94.00,Granville,North Carolina
48107,48,52.08,Crosby,Texas
12086,12,187.92,Miami-Dade,Florida
42061,42,78.50,Huntingdon,Pennsylvania
39169,39,98.83,Wayne,Ohio
39173,39,94.67,Wood,Ohio
26077,26,93.92,Kalamazoo,Michigan
26045,26,99.08,Eaton,Michigan
16005,16,115.25,Bannock,Idaho
55141,55,66.42,Wood,Wisconsin
25019,25,784.92,Nantucket,Massachusetts
12113,12,103.67,Santa Rosa,Florida
28035,28,71.50,Forrest,Mississippi
36095,36,83.00,Schoharie,New York
6095,6,246.58,Solano,California
56007,56,127.92,Carbon,Wyoming
42009,42,84.33,Bedford,Pennsylvania
28105,28,87.83,Oktibbeha,Mississippi
27169,27,97.08,Winona,Minnesota
20039,20,56.33,Decatur,Kansas
42111,42,60.75,Somerset,Pennsylvania
53009,53,165.83,Clallam,Washington
49011,49,169.33,Davis,Utah
6023,6,189.58,Humboldt,California
27111,27,96.67,Otter Tail,Minnesota
48305,48,49.50,Lynn,Texas
12109,12,140.50,Saint Johns,Florida
4005,4,191.83,Coconino,Arizona
47153,47,67.75,Sequatchie,Tennessee
23015,23,145.00,Lincoln,Maine
27059,27,153.42,Isanti,Minnesota
41047,41,164.75,Marion,Oregon
5143,5,99.75,Washington,Arkansas
47059,47,71.92,Greene,Tennessee
18093,18,64.00,Lawrence,Indiana
48337,48,43.75,Montague,Texas
12073,12,114.50,Leon,Florida
30001,30,116.83,Beaverhead,Montana
36057,36,69.08,Montgomery,New York
16069,16,93.58,Nez Perce,Idaho
45079,45,78.50,Richland,South Carolina
33011,33,158.25,Hillsborough,New Hampshire
8107,8,313.58,Routt,Colorado
8035,8,217.33,Douglas,Colorado
39059,39,80.83,Guernsey,Ohio
21081,21,102.17,Grant,Kentucky
41027,41,242.25,Hood River,Oregon
37151,37,80.08,Randolph,North Carolina
18017,18,53.75,Cass,Indiana
48501,48,71.00,Yoakum,Texas
47113,47,61.25,Madison,Tennessee
51083,51,64.92,Halifax,Virginia
53063,53,146.25,Spokane,Washington
48003,48,96.33,Andrews,Texas
42091,42,156.50,Montgomery,Pennsylvania
53005,53,147.92,Benton,Washington
48221,48,110.33,Hood,Texas
20209,20,72.33,Wyandotte,Kansas
12093,12,78.25,Okeechobee,Florida
42007,42,102.75,Beaver,Pennsylvania
28023,28,47.67,Clarke,Mississippi
20161,20,122.25,Riley,Kansas
26023,26,70.17,Branch,Michigan
42021,42,50.00,Cambria,Pennsylvania
39045,39,105.92,Fairfield,Ohio
30005,30,151.83,Blaine,Montana
18037,18,90.17,Dubois,Indiana
51630,51,152.00,Fredericksburg City,Virginia
39161,39,58.42,Van Wert,Ohio
42017,42,168.83,Bucks,Pennsylvania
54081,54,64.08,Raleigh,West Virginia
12097,12,112.08,Osceola,Florida
6017,6,239.75,El Dorado,California
48297,48,62.83,Live Oak,Texas
36011,36,75.83,Cayuga,New York
27061,27,127.58,Itasca,Minnesota
26047,26,101.92,Emmet,Michigan
16021,16,128.00,Boundary,Idaho
36089,36,59.00,Saint Lawrence,New York
26025,26,76.42,Calhoun,Michigan
8069,8,197.83,Larimer,Colorado
40071,40,55.58,Kay,Oklahoma
35001,35,117.92,Bernalillo,New Mexico
4021,4,98.75,Pinal,Arizona
48041,48,111.58,Brazos,Texas
18175,18,69.92,Washington,Indiana
36065,36,83.50,Oneida,New York
51153,51,194.00,Prince William,Virginia
42001,42,121.75,Adams,Pennsylvania
17199,17,65.67,Williamson,Illinois
5035,5,72.17,Crittenden,Arkansas
33009,33,124.08,Grafton,New Hampshire
20009,20,63.25,Barton,Kansas
45051,45,111.08,Horry,South Carolina
48239,48,68.00,Jackson,Texas
55009,55,90.67,Brown,Wisconsin
27053,27,204.58,Hennepin,Minnesota
37037,37,140.92,Chatham,North Carolina
45083,45,81.58,Spartanburg,South Carolina
39069,39,54.17,Henry,Ohio
12105,12,100.08,Polk,Florida
29213,29,89.50,Taney,Missouri
42045,42,126.00,Delaware,Pennsylvania
39031,39,65.42,Coshocton,Ohio
18099,18,80.50,Marshall,Indiana
39149,39,80.58,Shelby,Ohio
47043,47,99.42,Dickson,Tennessee
24009,24,161.17,Calvert,Maryland
39035,39,82.92,Cuyahoga,Ohio
48175,48,52.17,Goliad,Texas
29071,29,99.25,Franklin,Missouri
18143,18,68.75,Scott,Indiana
48369,48,57.92,Parmer,Texas
17077,17,60.92,Jackson,Illinois
48073,48,63.25,Cherokee,Texas
51840,51,145.33,Winchester City,Virginia
13145,13,96.83,Harris,Georgia
47077,47,59.67,Henderson,Tennessee
50015,50,132.00,Lamoille,Vermont
42005,42,71.58,Armstrong,Pennsylvania
31111,31,97.00,Lincoln,Nebraska
20151,20,61.92,Pratt,Kansas
56023,56,126.75,Lincoln,Wyoming
6073,6,347.42,San Diego,California
39011,39,82.67,Auglaize,Ohio
53037,53,167.00,Kittitas,Washington
36083,36,120.17,Rensselaer,New York
27153,27,95.42,Todd,Minnesota
51155,51,81.58,Pulaski,Virginia
40091,40,69.67,McIntosh,Oklahoma
13123,13,107.25,Gilmer,Georgia
6099,6,178.42,Stanislaus,California
55089,55,143.00,Ozaukee,Wisconsin
20157,20,50.33,Republic,Kansas
28163,28,57.83,Yazoo,Mississippi
48351,48,63.58,Newton,Texas
27065,27,89.92,Kanabec,Minnesota
12099,12,160.08,Palm Beach,Florida
48183,48,76.08,Gregg,Texas
49023,49,192.33,Juab,Utah
17063,17,114.83,Grundy,Illinois
17021,17,66.42,Christian,Illinois
53067,53,163.17,Thurston,Washington
26165,26,63.08,Wexford,Michigan
47171,47,71.42,Unicoi,Tennessee
17203,17,107.75,Woodford,Illinois
19163,19,116.58,Scott,Iowa
39063,39,85.58,Hancock,Ohio
20175,20,83.00,Seward,Kansas
28121,28,96.42,Rankin,Mississippi
40119,40,87.67,Payne,Oklahoma
18085,18,98.33,Kosciusko,Indiana
40121,40,67.17,Pittsburg,Oklahoma
39117,39,93.67,Morrow,Ohio
12083,12,84.58,Marion,Florida
17137,17,73.08,Morgan,Illinois
28119,28,47.92,Quitman,Mississippi
55027,55,85.25,Dodge,Wisconsin
42025,42,90.92,Carbon,Pennsylvania
42029,42,158.50,Chester,Pennsylvania
18075,18,50.33,Jay,Indiana
13037,13,34.42,Calhoun,Georgia
13187,13,107.17,Lumpkin,Georgia
16075,16,93.17,Payette,Idaho
22109,22,99.42,Terrebonne,Louisiana
32510,32,172.25,Carson City,Nevada
27041,27,164.17,Douglas,Minnesota
20133,20,42.17,Neosho,Kansas
47179,47,88.17,Washington,Tennessee
20019,20,40.58,Chautauqua,Kansas
4025,4,158.67,Yavapai,Arizona
5007,5,98.00,Benton,Arkansas
15009,15,471.50,Maui,Hawaii
27009,27,95.92,Benton,Minnesota
17089,17,118.08,Kane,Illinois
17161,17,79.92,Rock Island,Illinois
40125,40,75.58,Pottawatomie,Oklahoma
48121,48,129.67,Denton,Texas
48009,48,56.33,Archer,Texas
56001,56,163.17,Albany,Wyoming
42129,42,106.00,Westmoreland,Pennsylvania
20049,20,40.42,Elk,Kansas
8047,8,211.17,Gilpin,Colorado
37071,37,86.83,Gaston,North Carolina
36113,36,132.17,Warren,New York
20055,20,123.08,Finney,Kansas
55007,55,98.67,Bayfield,Wisconsin
37045,37,71.33,Cleveland,North Carolina
18105,18,113.17,Monroe,Indiana
39047,39,75.25,Fayette,Ohio
13175,13,59.83,Laurens,Georgia
20081,20,73.50,Haskell,Kansas
24027,24,215.50,Howard,Maryland
21059,21,85.83,Daviess,Kentucky
38089,38,164.33,Stark,North Dakota
12091,12,123.33,Okaloosa,Florida
47127,47,84.67,Moore,Tennessee
54003,54,100.42,Berkeley,West Virginia
42037,42,87.92,Columbia,Pennsylvania
39039,39,70.17,Defiance,Ohio
12123,12,62.25,Taylor,Florida
47057,47,79.92,Grainger,Tennessee
39043,39,87.92,Erie,Ohio
45075,45,63.25,Orangeburg,South Carolina
12037,12,172.00,Franklin,Florida
37083,37,56.33,Halifax,North Carolina
47051,47,80.75,Franklin,Tennessee
53001,53,104.08,Adams,Washington
17091,17,77.67,Kankakee,Illinois
20193,20,75.58,Thomas,Kansas
39165,39,104.83,Warren,Ohio
51650,51,108.67,Hampton City,Virginia
16065,16,78.75,Madison,Idaho
28101,28,56.75,Newton,Mississippi
42067,42,126.17,Juniata,Pennsylvania
17143,17,76.17,Peoria,Illinois
25003,25,136.58,Berkshire,Massachusetts
51770,51,94.00,Roanoke City,Virginia
25001,25,265.17,Barnstable,Massachusetts
27005,27,173.58,Becker,Minnesota
28111,28,62.92,Perry,Mississippi
13051,13,99.75,Chatham,Georgia
48315,48,51.83,Marion,Texas
19061,19,96.58,Dubuque,Iowa
47009,47,101.83,Blount,Tennessee
47111,47,72.08,Macon,Tennessee
39041,39,131.75,Delaware,Ohio
42085,42,69.25,Mercer,Pennsylvania
34007,34,109.33,Camden,New Jersey
38015,38,197.50,Burleigh,North Dakota
36055,36,103.75,Monroe,New York
42107,42,49.17,Schuylkill,Pennsylvania
5055,5,70.83,Greene,Arkansas
51570,51,98.67,Colonial Heights City,Virginia
18121,18,56.58,Parke,Indiana
48323,48,87.92,Maverick,Texas
24047,24,190.58,Worcester,Maryland
31159,31,114.42,Seward,Nebraska
19129,19,162.00,Mills,Iowa
5051,5,81.58,Garland,Arkansas
21151,21,91.58,Madison,Kentucky
41045,41,80.67,Malheur,Oregon
18081,18,87.25,Johnson,Indiana
20047,20,44.25,Edwards,Kansas
22071,22,159.33,Orleans,Louisiana
12119,12,157.75,Sumter,Florida
54039,54,73.17,Kanawha,West Virginia
13047,13,91.17,Catoosa,Georgia
37055,37,169.67,Dare,North Carolina
26093,26,141.67,Livingston,Michigan
27137,27,152.08,Saint Louis,Minnesota
34039,34,229.58,Union,New Jersey
34031,34,185.67,Passaic,New Jersey
51013,51,466.00,Arlington,Virginia
27145,27,99.67,Stearns,Minnesota
18145,18,76.25,Shelby,Indiana
48313,48,62.58,Madison,Texas
27171,27,188.92,Wright,Minnesota
53025,53,106.17,Grant,Washington
48015,48,52.92,Austin,Texas
20127,20,65.08,Morris,Kansas
36025,36,84.33,Delaware,New York
13195,13,72.50,Madison,Georgia
48419,48,56.08,Shelby,Texas
10001,10,115.92,Kent,Delaware
12055,12,77.67,Highlands,Florida
31011,31,91.83,Boone,Nebraska
28143,28,62.08,Tunica,Mississippi
19011,19,83.42,Benton,Iowa
21215,21,122.17,Spencer,Kentucky
41005,41,221.83,Clackamas,Oregon
41017,41,214.50,Deschutes,Oregon
18043,18,99.00,Floyd,Indiana
48271,48,65.58,Kinney,Texas
20121,20,121.25,Miami,Kansas
42097,42,58.17,Northumberland,Pennsylvania
39147,39,67.92,Seneca,Ohio
16045,16,108.58,Gem,Idaho
48373,48,86.25,Polk,Texas
51685,51,192.75,Manassas Park City,Virginia
21029,21,111.33,Bullitt,Kentucky
46099,46,132.33,Minnehaha,South Dakota
48505,48,70.58,Zapata,Texas
47055,47,73.58,Giles,Tennessee
1115,1,99.67,Saint Clair,Alabama
16001,16,135.33,Ada,Idaho
12089,12,135.08,Nassau,Florida
39113,39,73.25,Montgomery,Ohio
26137,26,69.00,Otsego,Michigan
48091,48,138.33,Comal,Texas
48475,48,48.00,Ward,Texas
29161,29,79.17,Phelps,Missouri
42117,42,77.83,Tioga,Pennsylvania
42133,42,112.83,York,Pennsylvania
17049,17,91.42,Effingham,Illinois
8013,8,279.42,Boulder,Colorado
48131,48,63.42,Duval,Texas
42011,42,103.17,Berks,Pennsylvania
26139,26,120.25,Ottawa,Michigan
32013,32,131.58,Humboldt,Nevada
20053,20,54.17,Ellsworth,Kansas
18161,18,56.33,Union,Indiana
51700,51,113.83,Newport News City,Virginia
28001,28,76.42,Adams,Mississippi
28109,28,69.17,Pearl River,Mississippi
20169,20,90.42,Saline,Kansas
17073,17,77.25,Henry,Illinois
28027,28,49.08,Coahoma,Mississippi
47089,47,87.25,Jefferson,Tennessee
20031,20,66.67,Coffey,Kansas
48491,48,125.83,Williamson,Texas
31157,31,98.75,Scotts Bluff,Nebraska
34023,34,196.75,Middlesex,New Jersey
12009,12,120.50,Brevard,Florida
45043,45,124.25,Georgetown,South Carolina
13045,13,77.33,Carroll,Georgia
2170,2,128.42,Matanuska Susitna,Alaska
8007,8,171.08,Archuleta,Colorado
17113,17,94.00,McLean,Illinois
5113,5,62.92,Polk,Arkansas
9005,9,140.42,Litchfield,Connecticut
35007,35,88.75,Colfax,New Mexico
27123,27,166.58,Ramsey,Minnesota
22019,22,100.50,Calcasieu,Louisiana
47063,47,79.33,Hamblen,Tennessee
18057,18,101.33,Hamilton,Indiana
28073,28,72.92,Lamar,Mississippi
28081,28,74.42,Lee,Mississippi
26005,26,116.42,Allegan,Michigan
12111,12,116.58,Saint Lucie,Florida
37027,37,73.75,Caldwell,North Carolina
49053,49,128.67,Washington,Utah
36059,36,323.58,Nassau,New York
18097,18,74.67,Marion,Indiana
48465,48,80.00,Val Verde,Texas
31119,31,118.25,Madison,Nebraska
24025,24,158.00,Harford,Maryland
55131,55,112.42,Washington,Wisconsin
12005,12,125.75,Bay,Florida
8077,8,143.75,Mesa,Colorado
30043,30,113.00,Jefferson,Montana
16083,16,93.92,Twin Falls,Idaho
18029,18,94.50,Dearborn,Indiana
12007,12,70.17,Bradford,Florida
51079,51,143.08,Greene,Virginia
16019,16,80.00,Bonneville,Idaho
39141,39,80.33,Ross,Ohio
54099,54,63.42,Wayne,West Virginia
26081,26,104.08,Kent,Michigan
20093,20,70.83,Kearny,Kansas
21167,21,81.33,Mercer,Kentucky
28131,28,70.83,Stone,Mississippi
30003,30,195.42,Big Horn,Montana
23019,23,98.25,Penobscot,Maine
24011,24,112.00,Caroline,Maryland
18165,18,53.00,Vermillion,Indiana
18069,18,60.42,Huntington,Indiana
1049,1,61.58,De Kalb,Alabama
13217,13,76.50,Newton,Georgia
53033,53,339.17,King,Washington
48371,48,46.58,Pecos,Texas
9001,9,224.67,Fairfield,Connecticut
8001,8,213.42,Adams,Colorado
26037,26,112.92,Clinton,Michigan
41009,41,171.08,Columbia,Oregon
42051,42,83.92,Fayette,Pennsylvania
36067,36,91.92,Onondaga,New York
13083,13,72.00,Dade,Georgia
33005,33,114.42,Cheshire,New Hampshire
19193,19,95.25,Woodbury,Iowa
20107,20,54.42,Linn,Kansas
8049,8,271.58,Grand,Colorado
39093,39,85.58,Lorain,Ohio
28095,28,62.75,Monroe,Mississippi
41059,41,113.08,Umatilla,Oregon
51775,51,115.25,Salem City,Virginia
13225,13,65.50,Peach,Georgia
45021,45,55.33,Cherokee,South Carolina
37093,37,90.17,Hoke,North Carolina
8105,8,94.58,Rio Grande,Colorado
9009,9,146.75,New Haven,Connecticut
45035,45,109.50,Dorchester,South Carolina
12087,12,415.00,Monroe,Florida
42077,42,121.08,Lehigh,Pennsylvania
51067,51,114.08,Franklin,Virginia
6097,6,393.75,Sonoma,California
37189,37,137.25,Watauga,North Carolina
13085,13,107.92,Dawson,Georgia
45037,45,75.08,Edgefield,South Carolina
20085,20,73.00,Jackson,Kansas
9013,9,138.67,Tolland,Connecticut
6001,6,527.75,Alameda,California
18001,18,68.08,Adams,Indiana
36073,36,60.92,Orleans,New York
22079,22,94.83,Rapides,Louisiana
41061,41,106.83,Union,Oregon
30081,30,144.08,Ravalli,Montana
26067,26,94.25,Ionia,Michigan
40115,40,52.92,Ottawa,Oklahoma
47093,47,105.08,Knox,Tennessee
20143,20,63.42,Ottawa,Kansas
40097,40,77.50,Mayes,Oklahoma
48017,48,57.92,Bailey,Texas
24045,24,97.42,Wicomico,Maryland
13221,13,81.42,Oglethorpe,Georgia
47125,47,90.50,Montgomery,Tennessee
33015,33,175.00,Rockingham,New Hampshire
28029,28,61.17,Copiah,Mississippi
37159,37,87.67,Rowan,North Carolina
37025,37,104.75,Cabarrus,North Carolina
13281,13,108.33,Towns,Georgia
20091,20,134.50,Johnson,Kansas
24015,24,141.25,Cecil,Maryland
13089,13,92.08,Dekalb,Georgia
39001,39,54.92,Adams,Ohio
39083,39,99.17,Knox,Ohio
6115,6,147.42,Yuba,California
6087,6,507.25,Santa Cruz,California
13313,13,78.00,Whitfield,Georgia
27159,27,85.08,Wadena,Minnesota
42081,42,99.83,Lycoming,Pennsylvania
42075,42,110.17,Lebanon,Pennsylvania
16009,16,112.25,Benewah,Idaho
1073,1,73.92,Jefferson,Alabama
26101,26,81.08,Manistee,Michigan
13199,13,60.58,Meriwether,Georgia
6065,6,188.17,Riverside,California
48075,48,42.92,Childress,Texas
40047,40,79.58,Garfield,Oklahoma
12101,12,103.17,Pasco,Florida
50023,50,119.75,Washington,Vermont
16051,16,122.42,Jefferson,Idaho
53053,53,178.00,Pierce,Washington
29189,29,123.17,Saint Louis,Missouri
39135,39,79.67,Preble,Ohio
21093,21,87.25,Hardin,Kentucky
48061,48,65.17,Cameron,Texas
38017,38,171.67,Cass,North Dakota
18149,18,68.17,Starke,Indiana
22005,22,119.50,Ascension,Louisiana
39049,39,106.00,Franklin,Ohio
21111,21,114.58,Jefferson,Kentucky
37147,37,77.67,Pitt,North Carolina
51089,51,63.00,Henry,Virginia
27003,27,183.00,Anoka,Minnesota
20207,20,44.25,Woodson,Kansas
37053,37,134.58,Currituck,North Carolina
36027,36,162.42,Dutchess,New York
6077,6,186.58,San Joaquin,California
12031,12,100.00,Duval,Florida
26019,26,111.67,Benzie,Michigan
47073,47,77.17,Hawkins,Tennessee
42013,42,63.08,Blair,Pennsylvania
18107,18,72.00,Montgomery,Indiana
40095,40,71.25,Marshall,Oklahoma
36035,36,81.67,Fulton,New York
47065,47,84.42,Hamilton,Tennessee
36033,36,63.67,Franklin,New York
26065,26,93.08,Ingham,Michigan
47145,47,78.08,Roane,Tennessee
13299,13,46.75,Ware,Georgia
18127,18,103.67,Porter,Indiana
49035,49,193.25,Salt Lake,Utah
19017,19,107.25,Bremer,Iowa
42049,42,85.33,Erie,Pennsylvania
41051,41,306.67,Multnomah,Oregon
19123,19,85.08,Mahaska,Iowa
18009,18,44.25,Blackford,Indiana
42103,42,79.67,Pike,Pennsylvania
20123,20,57.75,Mitchell,Kansas
47105,47,104.67,Loudon,Tennessee
55021,55,100.67,Columbia,Wisconsin
48455,48,63.25,Trinity,Texas
26127,26,85.33,Oceana,Michigan
48037,48,58.92,Bowie,Texas
8113,8,481.17,San Miguel,Colorado
37157,37,71.33,Rockingham,North Carolina
39033,39,65.25,Crawford,Ohio
5131,5,72.50,Sebastian,Arkansas
20007,20,49.67,Barber,Kansas
51041,51,119.08,Chesterfield,Virginia
39127,39,76.92,Perry,Ohio
21017,21,84.42,Bourbon,Kentucky
39153,39,89.08,Summit,Ohio
36063,36,91.17,Niagara,New York
48127,48,61.08,Dimmit,Texas
30015,30,158.50,Chouteau,Montana
13113,13,115.33,Fayette,Georgia
16043,16,157.08,Fremont,Idaho
35013,35,88.25,Dona Ana,New Mexico
36115,36,90.17,Washington,New York
13295,13,66.17,Walker,Georgia
41019,41,129.17,Douglas,Oregon
20183,20,51.00,Smith,Kansas
12115,12,159.83,Sarasota,Florida
33001,33,149.00,Belknap,New Hampshire
48441,48,78.17,Taylor,Texas
25009,25,242.17,Essex,Massachusetts
20165,20,50.33,Rush,Kansas
18153,18,49.50,Sullivan,Indiana
39109,39,88.50,Miami,Ohio
20103,20,104.42,Leavenworth,Kansas
6103,6,135.75,Tehama,California
51680,51,80.58,Lynchburg City,Virginia
20077,20,49.00,Harper,Kansas
56045,56,176.08,Weston,Wyoming
28033,28,89.08,DeSoto,Mississippi
24005,24,162.75,Baltimore,Maryland
37069,37,102.25,Franklin,North Carolina
36105,36,86.67,Sullivan,New York
51023,51,119.92,Botetourt,Virginia
33013,33,137.50,Merrimack,New Hampshire
6113,6,246.83,Yolo,California
8014,8,232.75,Broomfield,Colorado
12053,12,86.00,Hernando,Florida
39087,39,71.00,Lawrence,Ohio
4013,4,143.58,Maricopa,Arizona
17195,17,63.92,Whiteside,Illinois
37109,37,97.42,Lincoln,North Carolina
13105,13,48.92,Elbert,Georgia
29095,29,86.75,Jackson,Missouri
45029,45,76.75,Colleton,South Carolina
39119,39,80.75,Muskingum,Ohio
49021,49,92.33,Iron,Utah
36001,36,144.42,Albany,New York
17115,17,64.75,Macon,Illinois
51099,51,148.25,King George,Virginia
21049,21,88.33,Clark,Kentucky
56033,56,153.17,Sheridan,Wyoming
13119,13,69.92,Franklin,Georgia
48163,48,51.58,Frio,Texas
13135,13,101.83,Gwinnett,Georgia
55059,55,124.33,Kenosha,Wisconsin
22075,22,133.17,Plaquemines,Louisiana
22045,22,71.83,Iberia,Louisiana
28089,28,102.92,Madison,Mississippi
6071,6,204.08,San Bernardino,California
27067,27,97.58,Kandiyohi,Minnesota
8093,8,187.42,Park,Colorado
47097,47,47.58,Lauderdale,Tennessee
26155,26,65.17,Shiawassee,Michigan
36029,36,108.50,Erie,New York
41041,41,183.25,Lincoln,Oregon
24019,24,96.67,Dorchester,Maryland
25017,25,298.17,Middlesex,Massachusetts
20021,20,45.75,Cherokee,Kansas
19013,19,100.00,Black Hawk,Iowa
13255,13,62.42,Spalding,Georgia
20191,20,54.00,Sumner,Kansas
25027,25,169.92,Worcester,Massachusetts
40143,40,83.42,Tulsa,Oklahoma
47035,47,80.17,Cumberland,Tennessee
30063,30,197.33,Missoula,Montana
5125,5,87.92,Saline,Arkansas
26163,26,70.83,Wayne,Michigan
51830,51,154.83,Williamsburg City,Virginia
18045,18,54.17,Fountain,Indiana
18019,18,87.17,Clark,Indiana
20045,20,118.08,Douglas,Kansas
18151,18,99.75,Steuben,Indiana
16073,16,104.50,Owyhee,Idaho
42035,42,89.08,Clinton,Pennsylvania
19127,19,48.33,Marshall,Iowa
1113,1,57.42,Russell,Alabama
27131,27,152.75,Rice,Minnesota
45045,45,98.75,Greenville,South Carolina
15003,15,521.08,Honolulu,Hawaii
39133,39,95.83,Portage,Ohio
31047,31,77.50,Dawson,Nebraska
22101,22,76.00,Saint Mary,Louisiana
6085,6,682.58,Santa Clara,California
13179,13,73.75,Liberty,Georgia
13103,13,98.42,Effingham,Georgia
18005,18,92.92,Bartholomew,Indiana
23013,23,151.17,Knox,Maine
13077,13,101.83,Coweta,Georgia
30035,30,176.75,Glacier,Montana
21107,21,68.25,Hopkins,Kentucky
17083,17,86.83,Jersey,Illinois
37101,37,104.00,Johnston,North Carolina
27091,27,51.58,Martin,Minnesota
18133,18,81.83,Putnam,Indiana
22103,22,115.00,Saint Tammany,Louisiana
28031,28,58.58,Covington,Mississippi
29069,29,54.92,Dunklin,Missouri
37127,37,72.67,Nash,North Carolina
55115,55,71.83,Shawano,Wisconsin
39159,39,120.58,Union,Ohio
51199,51,143.25,York,Virginia
12051,12,83.00,Hendry,Florida
26069,26,70.92,Iosco,Michigan
18123,18,72.58,Perry,Indiana
16015,16,114.67,Boise,Idaho
22121,22,111.75,West Baton Rouge,Louisiana
55099,55,68.50,Price,Wisconsin
37195,37,74.67,Wilson,North Carolina
21035,21,79.83,Calloway,Kentucky
47045,47,53.83,Dyer,Tennessee
54107,54,73.50,Wood,West Virginia
26059,26,91.17,Hillsdale,Michigan
17019,17,91.75,Champaign,Illinois
24029,24,127.83,Kent,Maryland
48043,48,108.17,Brewster,Texas
18181,18,77.00,White,Indiana
24043,24,120.58,Washington,Maryland
51033,51,132.50,Caroline,Virginia
39057,39,94.33,Greene,Ohio
55079,55,92.92,Milwaukee,Wisconsin
26009,26,111.75,Antrim,Michigan
48427,48,50.00,Starr,Texas
50027,50,104.50,Windsor,Vermont
29185,29,102.17,Saint Clair,Missouri
28083,28,41.17,Leflore,Mississippi
53007,53,206.75,Chelan,Washington
25013,25,141.58,Hampden,Massachusetts
27163,27,136.83,Washington,Minnesota
50011,50,114.83,Franklin,Vermont
5069,5,50.58,Jefferson,Arkansas
26089,26,165.67,Leelanau,Michigan
48207,48,37.92,Haskell,Texas
18179,18,73.00,Wells,Indiana
9003,9,141.50,Hartford,Connecticut
13227,13,110.92,Pickens,Georgia
13185,13,71.58,Lowndes,Georgia
15001,15,264.00,Hawaii,Hawaii
19103,19,148.83,Johnson,Iowa
6039,6,137.92,Madera,California
8085,8,137.50,Montrose,Colorado
18139,18,61.75,Rush,Indiana
28093,28,62.08,Marshall,Mississippi
20113,20,89.00,McPherson,Kansas
27147,27,97.67,Steele,Minnesota
51670,51,79.67,Hopewell City,Virginia
37129,37,132.25,New Hanover,North Carolina
6107,6,130.67,Tulare,California
48439,48,103.75,Tarrant,Texas
51107,51,219.33,Loudoun,Virginia
48065,48,46.75,Carson,Texas
21209,21,108.42,Scott,Kentucky
17093,17,105.75,Kendall,Illinois
13233,13,59.33,Polk,Georgia
27093,27,124.83,Meeker,Minnesota
42027,42,140.58,Centre,Pennsylvania
48279,48,61.92,Lamb,Texas
13231,13,87.42,Pike,Georgia
5031,5,79.42,Craighead,Arkansas
18011,18,103.25,Boone,Indiana
51103,51,138.33,Lancaster,Virginia
36069,36,103.33,Ontario,New York
17057,17,64.08,Fulton,Illinois
23005,23,185.67,Cumberland,Maine
39095,39,69.50,Lucas,Ohio
37063,37,115.08,Durham,North Carolina
41071,41,181.17,Yamhill,Oregon
48007,48,142.42,Aransas,Texas
31153,31,99.17,Sarpy,Nebraska
48027,48,72.83,Bell,Texas
20155,20,64.58,Reno,Kansas
21037,21,101.83,Campbell,Kentucky
13129,13,79.00,Gordon,Georgia
39025,39,107.50,Clermont,Ohio
48113,48,109.42,Dallas,Texas
51177,51,148.33,Spotsylvania,Virginia
51179,51,137.50,Stafford,Virginia
18067,18,60.83,Howard,Indiana
41067,41,224.67,Washington,Oregon
21047,21,78.42,Christian,Kentucky
54079,54,92.58,Putnam,West Virginia
36079,36,203.00,Putnam,New York
50007,50,192.92,Chittenden,Vermont
51740,51,106.75,Portsmouth City,Virginia
53077,53,134.42,Yakima,Washington
8123,8,163.08,Weld,Colorado
55113,55,134.67,Sawyer,Wisconsin
55127,55,115.25,Walworth,Wisconsin
8089,8,59.67,Otero,Colorado
30105,30,145.42,Valley,Montana
18003,18,72.00,Allen,Indiana
37149,37,134.33,Polk,North Carolina
37111,37,75.75,McDowell,North Carolina
48381,48,86.67,Randall,Texas
48083,48,39.33,Coleman,Texas
47071,47,66.00,Hardin,Tennessee
25023,25,224.00,Plymouth,Massachusetts
8019,8,225.08,Clear Creek,Colorado
17031,17,164.42,Cook,Illinois
42079,42,63.17,Luzerne,Pennsylvania
19167,19,113.08,Sioux,Iowa
41053,41,152.17,Polk,Oregon
45077,45,97.42,Pickens,South Carolina
29113,29,123.17,Lincoln,Missouri
8065,8,170.50,Lake,Colorado
53045,53,162.17,Mason,Washington
13035,13,74.58,Butts,Georgia
39143,39,70.83,Sandusky,Ohio
39099,39,59.17,Mahoning,Ohio
47177,47,66.67,Warren,Tennessee
6005,6,181.58,Amador,California
37065,37,44.33,Edgecombe,North Carolina
40027,40,95.33,Cleveland,Oklahoma
16011,16,106.42,Bingham,Idaho
18159,18,63.67,Tipton,Indiana
39097,39,103.58,Madison,Ohio
55033,55,83.17,Dunn,Wisconsin
51187,51,155.25,Warren,Virginia
40145,40,85.33,Wagoner,Oklahoma
28123,28,91.75,Scott,Mississippi
6063,6,151.75,Plumas,California
6053,6,342.33,Monterey,California
8045,8,238.42,Garfield,Colorado
51087,51,129.50,Henrico,Virginia
36071,36,143.17,Orange,New York
29183,29,131.58,Saint Charles,Missouri
19049,19,136.50,Dallas,Iowa
40135,40,62.17,Sequoyah,Oklahoma
48463,48,83.25,Uvalde,Texas
18101,18,55.17,Martin,Indiana
34005,34,130.75,Burlington,New Jersey
40081,40,73.33,Lincoln,Oklahoma
12011,12,162.67,Broward,Florida
36119,36,325.33,Westchester,New York
40049,40,60.25,Garvin,Oklahoma
19095,19,99.92,Iowa,Iowa
20005,20,60.50,Atchison,Kansas
24013,24,179.67,Carroll,Maryland
19099,19,94.58,Jasper,Iowa
19139,19,92.25,Muscatine,Iowa
13291,13,125.92,Union,Georgia
53039,53,153.58,Klickitat,Washington
41029,41,168.00,Jackson,Oregon
4001,4,97.67,Apache,Arizona
56013,56,134.08,Fremont,Wyoming
39155,39,63.17,Trumbull,Ohio
13115,13,75.42,Floyd,Georgia
48477,48,106.00,Washington,Texas
48117,48,66.58,Deaf Smith,Texas
27139,27,193.08,Scott,Minnesota
5045,5,89.00,Faulkner,Arkansas
40021,40,73.17,Cherokee,Oklahoma
48397,48,118.25,Rockwall,Texas
16031,16,88.58,Cassia,Idaho
20167,20,51.00,Russell,Kansas
36031,36,120.58,Essex,New York
48085,48,132.92,Collin,Texas
26075,26,77.75,Jackson,Michigan
56043,56,110.50,Washakie,Wyoming
12107,12,69.25,Putnam,Florida
22117,22,63.08,Washington,Louisiana
17015,17,48.25,Carroll,Illinois
40153,40,78.75,Woodward,Oklahoma
20097,20,66.58,Kiowa,Kansas
40055,40,41.17,Greer,Oklahoma
18095,18,57.50,Madison,Indiana
12041,12,89.50,Gilchrist,Florida
36015,36,68.33,Chemung,New York
49049,49,170.25,Utah,Utah
48227,48,51.83,Howard,Texas
26125,26,134.08,Oakland,Michigan
36009,36,51.75,Cattaraugus,New York
47015,47,93.67,Cannon,Tennessee
18015,18,68.58,Carroll,Indiana
22105,22,96.00,Tangipahoa,Louisiana
18007,18,48.58,Benton,Indiana
34029,34,165.17,Ocean,New Jersey
29101,29,77.42,Johnson,Missouri
13057,13,115.58,Cherokee,Georgia
27097,27,79.58,Morrison,Minnesota
44001,44,207.92,Bristol,Rhode Island
20061,20,94.58,Geary,Kansas
40003,40,52.50,Alfalfa,Oklahoma
34003,34,265.17,Bergen,New Jersey
40079,40,59.50,LeFlore,Oklahoma
35049,35,189.17,Santa Fe,New Mexico
51165,51,117.00,Rockingham,Virginia
37035,37,87.67,Catawba,North Carolina
37125,37,112.58,Moore,North Carolina
13297,13,91.08,Walton,Georgia
55111,55,97.08,Sauk,Wisconsin
4023,4,79.75,Santa Cruz,Arizona
37019,37,127.83,Brunswick,North Carolina
22115,22,81.75,Vernon,Louisiana
27055,27,74.08,Houston,Minnesota
9007,9,155.92,Middlesex,Connecticut
30089,30,93.17,Sanders,Montana
6021,6,144.25,Glenn,California
53059,53,183.08,Skamania,Washington
17081,17,52.58,Jefferson,Illinois
13147,13,79.08,Hart,Georgia
20001,20,50.92,Allen,Kansas
16081,16,154.42,Teton,Idaho
36093,36,110.08,Schenectady,New York
48225,48,44.83,Houston,Texas
12071,12,140.33,Lee,Florida
30021,30,154.75,Dawson,Montana
28099,28,59.75,Neshoba,Mississippi
13013,13,91.92,Barrow,Georgia
36005,36,242.67,Bronx,New York
30073,30,168.42,Pondera,Montana
48495,48,56.75,Winkler,Texas
17053,17,59.00,Ford,Illinois
13275,13,73.42,Thomas,Georgia
26091,26,99.42,Lenawee,Michigan
55063,55,97.00,La Crosse,Wisconsin
29175,29,61.50,Randolph,Missouri
18049,18,67.83,Fulton,Indiana
47189,47,128.83,Wilson,Tennessee
12045,12,117.08,Gulf,Florida
24039,24,75.67,Somerset,Maryland
42127,42,99.00,Wayne,Pennsylvania
21067,21,102.83,Fayette,Kentucky
37003,37,95.00,Alexander,North Carolina
8119,8,145.08,Teller,Colorado
19045,19,69.17,Clinton,Iowa
26159,26,87.83,Van Buren,Michigan
47003,47,96.50,Bedford,Tennessee
28039,28,71.58,George,Mississippi
18047,18,80.42,Franklin,Indiana
17043,17,169.00,Du Page,Illinois
55061,55,70.08,Kewaunee,Wisconsin
6069,6,292.83,San Benito,California
51760,51,127.83,Richmond City,Virginia
48353,48,43.75,Nolan,Texas
47183,47,50.17,Weakley,Tennessee
47133,47,67.92,Overton,Tennessee
13097,13,83.58,Douglas,Georgia
18023,18,62.75,Clinton,Indiana
29187,29,61.58,Saint Francois,Missouri
53015,53,117.92,Cowlitz,Washington
24021,24,155.83,Frederick,Maryland
12039,12,63.00,Gadsden,Florida
48437,48,56.42,Swisher,Texas
13021,13,57.67,Bibb,Georgia
47001,47,82.00,Anderson,Tennessee
39013,39,74.42,Belmont,Ohio
39139,39,65.92,Richland,Ohio
51143,51,80.25,Pittsylvania,Virginia
8097,8,833.25,Pitkin,Colorado
19041,19,89.75,Clay,Iowa
20139,20,65.17,Osage,Kansas
6033,6,168.75,Lake,California
45031,45,67.50,Darlington,South Carolina
51003,51,176.25,Albemarle,Virginia
21217,21,74.25,Taylor,Kentucky
5033,5,70.83,Crawford,Arkansas
40041,40,86.58,Delaware,Oklahoma
48237,48,50.75,Jack,Texas
49045,49,149.83,Tooele,Utah
47169,47,86.42,Trousdale,Tennessee
18031,18,78.50,Decatur,Indiana
29047,29,109.50,Clay,Missouri
28087,28,63.33,Lowndes,Mississippi
48251,48,102.75,Johnson,Texas
28065,28,63.33,Jefferson Davis,Mississippi
41007,41,177.42,Clatsop,Oregon
27085,27,95.83,McLeod,Minnesota
26113,26,69.58,Missaukee,Michigan
37049,37,91.83,Craven,North Carolina
4015,4,117.58,Mohave,Arizona
18183,18,82.08,Whitley,Indiana
27141,27,173.92,Sherburne,Minnesota
24510,24,108.42,Baltimore City,Maryland
47023,47,64.50,Chester,Tennessee
18039,18,88.83,Elkhart,Indiana
27045,27,85.00,Fillmore,Minnesota
48141,48,77.58,El Paso,Texas
40137,40,50.17,Stephens,Oklahoma
6051,6,293.58,Mono,California
20117,20,58.17,Marshall,Kansas
8091,8,203.50,Ouray,Colorado
13211,13,112.67,Morgan,Georgia
49003,49,131.58,Box Elder,Utah
39065,39,50.83,Hardin,Ohio
40037,40,78.50,Creek,Oklahoma
45003,45,76.17,Aiken,South Carolina
13293,13,46.25,Upson,Georgia
19187,19,73.67,Webster,Iowa
28021,28,44.42,Claiborne,Mississippi
8039,8,255.00,Elbert,Colorado
12133,12,67.50,Washington,Florida
53035,53,221.50,Kitsap,Washington
4012,4,99.58,La Paz,Arizona
53055,53,298.42,San Juan,Washington
56021,56,160.50,Laramie,Wyoming
28043,28,59.33,Grenada,Mississippi
53027,53,109.42,Grays Harbor,Washington
33007,33,77.33,Coos,New Hampshire
1077,1,73.42,Lauderdale,Alabama
47005,47,53.17,Benton,Tennessee
37171,37,44.67,Surry,North Carolina
1001,1,82.00,Autauga,Alabama
32003,32,134.25,Clark,Nevada
36099,36,71.33,Seneca,New York
20197,20,80.33,Wabaunsee,Kansas
17027,17,82.25,Clinton,Illinois
28061,28,58.92,Jasper,Mississippi
36123,36,95.33,Yates,New York
26015,26,111.42,Barry,Michigan
20037,20,50.33,Crawford,Kansas
17201,17,66.50,Winnebago,Illinois
18077,18,74.33,Jefferson,Indiana
36087,36,243.25,Rockland,New York
39089,39,96.67,Licking,Ohio
48145,48,42.33,Falls,Texas
28107,28,60.75,Panola,Mississippi
19021,19,81.92,Buena Vista,Iowa
48021,48,112.17,Bastrop,Texas
21185,21,136.00,Oldham,Kentucky
56017,56,154.83,Hot Springs,Wyoming
37105,37,79.92,Lee,North Carolina
51059,51,289.25,Fairfax,Virginia
42043,42,104.33,Dauphin,Pennsylvania
13171,13,68.75,Lamar,Georgia
30111,30,162.42,Yellowstone,Montana
13121,13,139.42,Fulton,Georgia
51015,51,128.83,Augusta,Virginia
48341,48,75.92,Moore,Texas
39167,39,90.00,Washington,Ohio
47013,47,75.67,Campbell,Tennessee
22073,22,89.33,Ouachita,Louisiana
39145,39,70.50,Scioto,Ohio
1003,1,106.25,Baldwin,Alabama
20105,20,50.67,Lincoln,Kansas
51161,51,123.33,Roanoke,Virginia
42121,42,53.92,Venango,Pennsylvania
36051,36,84.33,Livingston,New York
29225,29,65.92,Webster,Missouri
42073,42,60.17,Lawrence,Pennsylvania
48387,48,105.00,Red River,Texas
30097,30,162.50,Sweet Grass,Montana
47031,47,82.58,Coffee,Tennessee
54029,54,62.00,Hancock,West Virginia
51127,51,130.67,New Kent,Virginia
51061,51,191.67,Fauquier,Virginia
21019,21,61.75,Boyd,Kentucky
39021,39,80.17,Champaign,Ohio
12063,12,57.33,Jackson,Florida
51171,51,127.92,Shenandoah,Virginia
36091,36,151.92,Saratoga,New York
8037,8,413.92,Eagle,Colorado
36019,36,84.75,Clinton,New York
48335,48,35.08,Mitchell,Texas
40087,40,95.83,McClain,Oklahoma
13067,13,115.67,Cobb,Georgia
19169,19,134.83,Story,Iowa
53021,53,131.17,Franklin,Washington
41011,41,137.25,Coos,Oregon
55139,55,94.92,Winnebago,Wisconsin
28011,28,69.17,Bolivar,Mississippi
53029,53,207.08,Island,Washington
12131,12,183.17,Walton,Florida
47187,47,168.92,Williamson,Tennessee
28009,28,51.67,Benton,Mississippi
26111,26,85.83,Midland,Michigan
1009,1,84.00,Blount,Alabama
18109,18,91.00,Morgan,Indiana
34017,34,285.92,Hudson,New Jersey
36081,36,444.00,Queens,New York
20185,20,46.25,Stafford,Kansas
26149,26,71.92,Saint Joseph,Michigan
29510,29,109.67,Saint Louis City,Missouri
27039,27,144.42,Dodge,Minnesota
51109,51,132.00,Louisa,Virginia
20181,20,64.25,Sherman,Kansas
36107,36,73.33,Tioga,New York
6011,6,140.25,Colusa,California
8005,8,221.17,Arapahoe,Colorado
28003,28,62.83,Alcorn,Mississippi
20177,20,78.42,Shawnee,Kansas
6041,6,615.50,Marin,California
51125,51,133.08,Nelson,Virginia
11001,11,493.50,District of Columbia,District of Columbia
6019,6,142.58,Fresno,California
36109,36,138.92,Tompkins,New York
6007,6,174.75,Butte,California
27013,27,133.42,Blue Earth,Minnesota
37081,37,88.50,Guilford,North Carolina
12027,12,81.58,De Soto,Florida
51009,51,113.25,Amherst,Virginia
27157,27,93.67,Wabasha,Minnesota
17117,17,50.00,Macoupin,Illinois
54061,54,123.33,Monongalia,West Virginia
55095,55,99.50,Polk,Wisconsin
18135,18,45.83,Randolph,Indiana
20173,20,94.83,Sedgwick,Kansas
1033,1,61.75,Colbert,Alabama
12057,12,121.50,Hillsborough,Florida
45055,45,81.75,Kershaw,South Carolina
13015,13,92.08,Bartow,Georgia
13183,13,69.83,Long,Georgia
5059,5,67.25,Hot Spring,Arkansas
44009,44,216.92,Washington,Rhode Island
33019,33,106.08,Sullivan,New Hampshire
27083,27,58.42,Lyon,Minnesota
55075,55,71.58,Marinette,Wisconsin
17001,17,76.83,Adams,Illinois
5023,5,85.33,Cleburne,Arkansas
55109,55,130.33,Saint Croix,Wisconsin
36043,36,66.08,Herkimer,New York
5065,5,56.33,Izard,Arkansas
13095,13,48.33,Dougherty,Georgia
6037,6,399.25,Los Angeles,California
6055,6,390.33,Napa,California
47021,47,122.50,Cheatham,Tennessee
30053,30,96.33,Lincoln,Montana
39061,39,95.17,Hamilton,Ohio
18027,18,74.33,Daviess,Indiana
40089,40,56.67,McCurtain,Oklahoma
13137,13,88.83,Habersham,Georgia
53071,53,157.17,Walla Walla,Washington
16039,16,88.67,Elmore,Idaho
21073,21,286.92,Franklin,Kentucky
20029,20,49.75,Cloud,Kansas
12127,12,111.50,Volusia,Florida
39015,39,65.75,Brown,Ohio
26147,26,93.25,Saint Clair,Michigan
22051,22,119.58,Jefferson,Louisiana
47017,47,47.25,Carroll,Tennessee
47109,47,53.42,McNairy,Tennessee
13127,13,100.33,Glynn,Georgia
18089,18,87.00,Lake,Indiana
36007,36,71.42,Broome,New York
26123,26,80.25,Newaygo,Michigan
34041,34,129.17,Warren,New Jersey
47037,47,142.25,Davidson,Tennessee
26021,26,94.25,Berrien,Michigan
34019,34,177.42,Hunterdon,New Jersey
17167,17,73.50,Sangamon,Illinois
31105,31,58.92,Kimball,Nebraska
47119,47,108.92,Maury,Tennessee
23017,23,158.92,Oxford,Maine
2020,2,191.33,Anchorage,Alaska
16017,16,157.75,Bonner,Idaho
36053,36,85.83,Madison,New York
47085,47,66.67,Humphreys,Tennessee
22095,22,82.92,Saint John the Baptist,Louisiana
45041,45,78.83,Florence,South Carolina
51137,51,129.25,Orange,Virginia
19113,19,121.75,Linn,Iowa
18061,18,87.92,Harrison,Indiana
47047,47,97.00,Fayette,Tennessee
10003,10,158.17,New Castle,Delaware
12095,12,125.58,Orange,Florida
30077,30,181.08,Powell,Montana
55087,55,91.75,Outagamie,Wisconsin
28145,28,70.83,Union,Mississippi
18157,18,85.25,Tippecanoe,Indiana
34037,34,141.33,Sussex,New Jersey
51047,51,149.08,Culpeper,Virginia
40051,40,74.92,Grady,Oklahoma
34001,34,109.50,Atlantic,New Jersey
51169,51,71.83,Scott,Virginia
39137,39,86.33,Putnam,Ohio
18169,18,60.50,Wabash,Indiana
47149,47,122.83,Rutherford,Tennessee
24017,24,150.50,Charles,Maryland
19057,19,68.25,Des Moines,Iowa
44005,44,250.67,Newport,Rhode Island
29055,29,86.33,Crawford,Missouri
51710,51,125.50,Norfolk City,Virginia
13031,13,75.67,Bulloch,Georgia
25011,25,134.83,Franklin,Massachusetts
18113,18,81.58,Noble,Indiana
20035,20,49.00,Cowley,Kansas
20043,20,68.25,Doniphan,Kansas
2090,2,126.83,Fairbanks North Star,Alaska
18147,18,67.25,Spencer,Indiana
18117,18,62.25,Orange,Indiana
49013,49,101.50,Duchesne,Utah
18073,18,91.83,Jasper,Indiana
48231,48,70.92,Hunt,Texas
4017,4,115.67,Navajo,Arizona
37191,37,56.83,Wayne,North Carolina
31109,31,132.75,Lancaster,Nebraska
42069,42,65.25,Lackawanna,Pennsylvania
35017,35,94.17,Grant,New Mexico
56005,56,145.50,Campbell,Wyoming
18125,18,54.83,Pike,Indiana
48025,48,54.58,Bee,Texas
40111,40,49.42,Okmulgee,Oklahoma
17111,17,118.25,McHenry,Illinois
53047,53,128.42,Okanogan,Washington
53011,53,194.25,Clark,Washington
13219,13,119.83,Oconee,Georgia
40147,40,65.67,Washington,Oklahoma
51075,51,149.25,Goochland,Virginia
23001,23,119.08,Androscoggin,Maine
48135,48,91.17,Ector,Texas
12023,12,75.33,Columbia,Florida
55117,55,78.92,Sheboygan,Wisconsin
12001,12,108.42,Alachua,Florida
21211,21,117.08,Shelby,Kentucky
29019,29,92.92,Boone,Missouri
12061,12,121.25,Indian River,Florida
17105,17,63.75,Livingston,Illinois
48181,48,82.25,Grayson,Texas
13063,13,61.67,Clayton,Georgia
6075,6,955.17,San Francisco,California
19015,19,91.17,Boone,Iowa
6101,6,159.00,Sutter,California
29121,29,59.00,Macon,Missouri
28129,28,58.33,Smith,Mississippi
20033,20,45.25,Comanche,Kansas
34015,34,115.00,Gloucester,New Jersey
21117,21,107.25,Kenton,Kentucky
37179,37,114.17,Union,North Carolina
48159,48,60.33,Franklin,Texas
24003,24,215.50,Anne Arundel,Maryland
29013,29,65.75,Bates,Missouri
48189,48,48.25,Hale,Texas
17037,17,92.00,De Kalb,Illinois
42065,42,100.67,Jefferson,Pennsylvania
29117,29,74.42,Livingston,Missouri
37181,37,68.75,Vance,North Carolina
49029,49,259.92,Morgan,Utah
21145,21,75.92,McCracken,Kentucky
51145,51,137.33,Powhatan,Virginia
20149,20,119.25,Pottawatomie,Kansas
22061,22,72.83,Lincoln,Louisiana
45085,45,70.25,Sumter,South Carolina
37145,37,86.92,Person,North Carolina
34021,34,154.42,Mercer,New Jersey
37059,37,91.75,Davie,North Carolina
42033,42,51.83,Clearfield,Pennsylvania
13215,13,62.50,Muscogee,Georgia
55015,55,103.75,Calumet,Wisconsin
21101,21,83.33,Henderson,Kentucky
12049,12,56.08,Hardee,Florida
13139,13,106.42,Hall,Georgia
32007,32,141.75,Elko,Nevada
28149,28,62.58,Warren,Mississippi
37085,37,89.67,Harnett,North Carolina
18083,18,59.17,Knox,Indiana
36085,36,317.58,Richmond,New York
48489,48,55.00,Willacy,Texas
34035,34,209.25,Somerset,New Jersey
23003,23,54.50,Aroostook,Maine
37097,37,102.75,Iredell,North Carolina
12017,12,87.42,Citrus,Florida
47147,47,110.92,Robertson,Tennessee
51600,51,271.58,Fairfax City,Virginia
29051,29,86.33,Cole,Missouri
18051,18,72.58,Gibson,Indiana
55025,55,164.50,Dane,Wisconsin
2130,2,170.33,Ketchikan Gateway,Alaska
39071,39,66.75,Highland,Ohio
55045,55,87.42,Green,Wisconsin
9015,9,130.25,Windham,Connecticut
47033,47,55.17,Crockett,Tennessee
40123,40,74.08,Pontotoc,Oklahoma
17179,17,85.50,Tazewell,Illinois
22033,22,115.00,East Baton Rouge,Louisiana
28019,28,55.08,Choctaw,Mississippi
39019,39,77.08,Carroll,Ohio
49047,49,109.17,Uintah,Utah
51073,51,131.83,Gloucester,Virginia
47117,47,91.58,Marshall,Tennessee
18079,18,70.67,Jennings,Indiana
38055,38,120.58,McLean,North Dakota
47079,47,59.92,Henry,Tennessee
47081,47,81.50,Hickman,Tennessee
24037,24,155.08,Saint Marys,Maryland
56015,56,117.92,Goshen,Wyoming
13055,13,58.50,Chattooga,Georgia
20015,20,68.17,Butler,Kansas
28025,28,60.00,Clay,Mississippi
26103,26,89.92,Marquette,Michigan
28147,28,56.83,Walthall,Mississippi
24001,24,64.08,Allegany,Maryland
12129,12,97.67,Wakulla,Florida
47115,47,78.08,Marion,Tennessee
6043,6,145.92,Mariposa,California
17085,17,84.33,Jo Daviess,Illinois
48365,48,57.50,Panola,Texas
39171,39,67.00,Williams,Ohio
17119,17,79.33,Madison,Illinois
31067,31,85.42,Gage,Nebraska
37031,37,147.67,Carteret,North Carolina
48507,48,62.08,Zavala,Texas
18163,18,78.00,Vanderburgh,Indiana
16055,16,137.92,Kootenai,Idaho
55085,55,102.67,Oneida,Wisconsin
47161,47,67.50,Stewart,Tennessee
51520,51,75.75,Bristol City,Virginia
39017,39,98.50,Butler,Ohio
55013,55,84.83,Burnett,Wisconsin
5145,5,71.08,White,Arkansas
18059,18,87.75,Hancock,Indiana
24023,24,107.92,Garrett,Maryland
13011,13,86.25,Banks,Georgia
18041,18,48.92,Fayette,Indiana
45007,45,80.25,Anderson,South Carolina
47049,47,73.00,Fentress,Tennessee
39051,39,86.67,Fulton,Ohio
55005,55,77.50,Barron,Wisconsin
20013,20,53.50,Brown,Kansas
24033,24,178.83,Prince Georges,Maryland
1051,1,86.42,Elmore,Alabama
28053,28,45.75,Humphreys,Mississippi
21015,21,108.08,Boone,Kentucky
53041,53,132.83,Lewis,Washington
12003,12,94.67,Baker,Florida
41013,41,150.75,Crook,Oregon
51095,51,143.42,James City,Virginia
47011,47,87.83,Bradley,Tennessee
5005,5,77.17,Baxter,Arkansas
48399,48,39.92,Runnels,Texas
36049,36,70.83,Lewis,New York
48093,48,48.25,Comanche,Texas
16053,16,93.92,Jerome,Idaho
19155,19,88.25,Pottawattamie,Iowa
13285,13,68.58,Troup,Georgia
13311,13,96.67,White,Georgia
51069,51,142.25,Frederick,Virginia
28051,28,53.83,Holmes,Mississippi
37183,37,132.50,Wake,North Carolina
51185,51,65.17,Tazewell,Virginia
24031,24,265.25,Montgomery,Maryland
37155,37,55.58,Robeson,North Carolina
48217,48,59.83,Hill,Texas
48467,48,79.42,Van Zandt,Texas
36077,36,81.50,Otsego,New York
5009,5,72.83,Boone,Arkansas
41057,41,184.17,Tillamook,Oregon
47141,47,87.67,Putnam,Tennessee
37133,37,87.17,Onslow,North Carolina
48049,48,65.92,Brown,Texas
34011,34,98.33,Cumberland,New Jersey
28161,28,53.42,Yalobusha,Mississippi
37051,37,77.75,Cumberland,North Carolina
17097,17,134.58,Lake,Illinois
47165,47,116.92,Sumner,Tennessee
51820,51,109.67,Waynesboro City,Virginia
47107,47,74.25,McMinn,Tennessee
26043,26,62.50,Dickinson,Michigan
18065,18,58.92,Henry,Indiana
36111,36,135.17,Ulster,New York
18053,18,54.67,Grant,Indiana
36003,36,41.67,Allegany,New York
48069,48,49.42,Castro,Texas
30093,30,99.42,Silver Bow,Montana
34027,34,221.92,Morris,New Jersey
48111,48,68.50,Dallam,Texas
29097,29,61.25,Jasper,Missouri
13247,13,72.50,Rockdale,Georgia
50025,50,106.83,Windham,Vermont
45073,45,97.67,Oconee,South Carolina
55097,55,85.33,Portage,Wisconsin
39091,39,84.58,Logan,Ohio
45019,45,182.83,Charleston,South Carolina
22089,22,110.50,Saint Charles,Louisiana
