,fips,statefips,round,countyname,State,Applicant,City
0,56025,56,148.75,Natrona,Wyoming,,
1,1101,1,53.42,Montgomery,Alabama,,
2,40109,40,84.58,Oklahoma,Oklahoma,,
3,5115,5,75.83,Pope,Arkansas,,
4,20189,20,69.17,Stevens,Kansas,,
5,48139,48,105.42,Ellis,Texas,,
6,16027,16,104.08,Canyon,Idaho,,
7,17029,17,57.92,Coles,Illinois,,
8,4027,4,99.33,Yuma,Arizona,,
9,47131,47,44.75,Obion,Tennessee,,
10,26161,26,178.0,Washtenaw,Michigan,,
11,4003,4,83.0,Cochise,Arizona,,
12,31131,31,90.92,Otoe,Nebraska,,
13,42099,42,100.33,Perry,Pennsylvania,,
14,12019,12,100.33,Clay,Florida,,
15,1123,1,71.58,Tallapoosa,Alabama,,
16,45057,45,93.0,Lancaster,South Carolina,,
17,6111,6,333.58,Ventura,California,,
18,28071,28,107.17,Lafayette,Mississippi,,
19,55101,55,90.92,Racine,Wisconsin,,
20,48193,48,63.58,Hamilton,Texas,,
21,13159,13,79.25,Jasper,Georgia,,
22,51550,51,132.0,Chesapeake City,Virginia,,
23,33017,33,144.0,Strafford,New Hampshire,,
24,6089,6,159.0,Shasta,California,,
25,40039,40,83.42,Custer,Oklahoma,,
26,39029,39,71.58,Columbiana,Ohio,,
27,40053,40,61.0,Grant,Oklahoma,,
28,51610,51,420.67,Falls Church City,Virginia,,
29,25015,25,168.75,Hampshire,Massachusetts,,
30,13177,13,81.75,Lee,Georgia,,
31,26107,26,72.5,Mecosta,Michigan,,
32,6083,6,383.08,Santa Barbara,California,,
33,37119,37,114.08,Mecklenburg,North Carolina,,
34,29221,29,84.0,Washington,Missouri,,
35,1117,1,135.0,Shelby,Alabama,,
36,41003,41,187.67,Benton,Oregon,,
37,26121,26,85.0,Muskegon,Michigan,,
38,28137,28,83.33,Tate,Mississippi,,
39,49057,49,149.5,Weber,Utah,,
40,36045,36,90.17,Jefferson,New York,,
41,48367,48,116.92,Parker,Texas,,
42,42089,42,87.08,Monroe,Pennsylvania,,
43,39157,39,83.67,Tuscarawas,Ohio,,
44,40133,40,48.17,Seminole,Oklahoma,,
45,36037,36,77.75,Genesee,New York,,
46,44007,44,165.83,Providence,Rhode Island,,
47,41033,41,165.0,Josephine,Oregon,,
48,51019,51,119.5,Bedford,Virginia,,
49,28045,28,84.92,Hancock,Mississippi,,
50,20145,20,53.17,Pawnee,Kansas,,
51,18087,18,93.5,Lagrange,Indiana,,
52,28091,28,60.33,Marion,Mississippi,,
53,22069,22,92.0,Natchitoches,Louisiana,,
54,42101,42,105.25,Philadelphia,Pennsylvania,,
55,51111,51,69.92,Lunenburg,Virginia,,
56,12015,12,122.5,Charlotte,Florida,,
57,8041,8,137.67,El Paso,Colorado,,
58,39129,39,98.25,Pickaway,Ohio,,
59,13073,13,91.0,Columbia,Georgia,,
60,20095,20,57.83,Kingman,Kansas,,
61,9011,9,147.0,New London,Connecticut,,
62,21173,21,76.83,Montgomery,Kentucky,,
63,26087,26,106.67,Lapeer,Michigan,,
64,27109,27,162.83,Olmsted,Minnesota,,
65,8015,8,222.67,Chaffee,Colorado,,
66,30009,30,161.5,Carbon,Montana,,
67,51085,51,137.67,Hanover,Virginia,,
68,42019,42,125.17,Butler,Pennsylvania,,
69,31055,31,113.83,Douglas,Nebraska,,
70,6079,6,344.75,San Luis Obispo,California,,
71,6015,6,131.25,Del Norte,California,,
72,22097,22,76.08,Saint Landry,Louisiana,,
73,5085,5,84.75,Lonoke,Arkansas,,
74,31177,31,123.5,Washington,Nebraska,,
75,26115,26,91.08,Monroe,Michigan,,
76,40013,40,74.33,Bryan,Oklahoma,,
77,47061,47,52.0,Grundy,Tennessee,,
78,55039,55,77.75,Fond du Lac,Wisconsin,,
79,51790,51,113.0,Staunton City,Virginia,,
80,13039,13,93.08,Camden,Georgia,,
81,20087,20,83.08,Jefferson,Kansas,,
82,27161,27,112.17,Waseca,Minnesota,,
83,18071,18,79.08,Jackson,Indiana,,
84,35031,35,82.67,McKinley,New Mexico,,
85,13069,13,57.58,Coffee,Georgia,,
86,31079,31,118.25,Hall,Nebraska,,
87,8075,8,99.08,Logan,Colorado,,
88,27095,27,121.25,Mille Lacs,Minnesota,,
89,28097,28,52.5,Montgomery,Mississippi,,
90,6093,6,122.17,Siskiyou,California,,
91,13151,13,80.33,Henry,Georgia,,
92,33003,33,137.67,Carroll,New Hampshire,,
93,18173,18,85.42,Warrick,Indiana,,
94,18129,18,79.5,Posey,Indiana,,
95,21137,21,76.08,Lincoln,Kentucky,,
96,39085,39,93.92,Lake,Ohio,,
97,18155,18,69.42,Switzerland,Indiana,,
98,4019,4,116.92,Pima,Arizona,,
99,45015,45,114.33,Berkeley,South Carolina,,
100,47155,47,114.58,Sevier,Tennessee,,
101,36013,36,60.5,Chautauqua,New York,,
102,27023,27,42.08,Chippewa,Minnesota,,
103,30087,30,156.67,Rosebud,Montana,,
104,28117,28,53.17,Prentiss,Mississippi,,
105,17197,17,117.25,Will,Illinois,,
106,31107,31,59.83,Knox,Nebraska,,
107,51093,51,125.08,Isle of Wight,Virginia,,
108,47053,47,48.5,Gibson,Tennessee,,
109,12035,12,109.92,Flagler,Florida,,
110,17095,17,59.92,Knox,Illinois,,
111,20079,20,73.67,Harvey,Kansas,,
112,5119,5,77.08,Pulaski,Arkansas,,
113,39055,39,112.83,Geauga,Ohio,,
114,6081,6,816.92,San Mateo,California,,
115,13059,13,88.33,Clarke,Georgia,,
116,36021,36,142.92,Columbia,New York,,
117,18119,18,70.0,Owen,Indiana,,
118,34033,34,94.17,Salem,New Jersey,,
119,36117,36,80.08,Wayne,New York,,
120,17163,17,82.25,Saint Clair,Illinois,,
121,42125,42,103.5,Washington,Pennsylvania,,
122,17007,17,84.92,Boone,Illinois,,
123,26055,26,151.08,Grand Traverse,Michigan,,
124,20163,20,54.92,Rooks,Kansas,,
125,56041,56,110.08,Uinta,Wyoming,,
126,45027,45,67.08,Clarendon,South Carolina,,
127,18171,18,54.67,Warren,Indiana,,
128,51620,51,63.83,Franklin City,Virginia,,
129,29027,29,75.25,Callaway,Missouri,,
130,12085,12,153.58,Martin,Florida,,
131,48273,48,64.08,Kleberg,Texas,,
132,25007,25,469.58,Dukes,Massachusetts,,
133,40131,40,82.0,Rogers,Oklahoma,,
134,47143,47,77.5,Rhea,Tennessee,,
135,18025,18,59.58,Crawford,Indiana,,
136,27037,27,218.58,Dakota,Minnesota,,
137,29157,29,94.25,Perry,Missouri,,
138,18131,18,59.33,Pulaski,Indiana,,
139,47099,47,60.17,Lawrence,Tennessee,,
140,13071,13,53.67,Colquitt,Georgia,,
141,39023,39,77.08,Clark,Ohio,,
142,42055,42,95.67,Franklin,Pennsylvania,,
143,53061,53,235.0,Snohomish,Washington,,
144,12069,12,111.92,Lake,Florida,,
145,40019,40,70.0,Carter,Oklahoma,,
146,8067,8,235.08,La Plata,Colorado,,
147,13277,13,73.08,Tift,Georgia,,
148,21021,21,77.08,Boyle,Kentucky,,
149,40113,40,69.92,Osage,Oklahoma,,
150,6061,6,243.67,Placer,California,,
151,6009,6,180.75,Calaveras,California,,
152,37113,37,91.33,Macon,North Carolina,,
153,46103,46,163.08,Pennington,South Dakota,,
154,37135,37,151.92,Orange,North Carolina,,
155,27019,27,180.67,Carver,Minnesota,,
156,48265,48,108.08,Kerr,Texas,,
157,39103,39,111.83,Medina,Ohio,,
158,32031,32,188.42,Washoe,Nevada,,
159,12081,12,144.33,Manatee,Florida,,
160,20023,20,60.17,Cheyenne,Kansas,,
161,39007,39,66.0,Ashtabula,Ohio,,
162,18021,18,66.5,Clay,Indiana,,
163,48457,48,71.25,Tyler,Texas,,
164,28057,28,60.25,Itawamba,Mississippi,,
165,56031,56,120.25,Platte,Wyoming,,
166,30013,30,137.67,Cascade,Montana,,
167,35045,35,108.92,San Juan,New Mexico,,
168,47129,47,66.58,Morgan,Tennessee,,
169,41039,41,177.5,Lane,Oregon,,
170,48047,48,58.42,Brooks,Texas,,
171,8029,8,121.58,Delta,Colorado,,
172,31097,31,59.08,Johnson,Nebraska,,
173,6031,6,129.33,Kings,California,,
174,37067,37,82.75,Forsyth,North Carolina,,
175,20025,20,50.08,Clark,Kansas,,
176,32019,32,137.83,Lyon,Nevada,,
177,54011,54,66.17,Cabell,West Virginia,,
178,35061,35,58.25,Valencia,New Mexico,,
179,37001,37,90.83,Alamance,North Carolina,,
180,55049,55,88.67,Iowa,Wisconsin,,
181,47159,47,80.17,Smith,Tennessee,,
182,38035,38,110.25,Grand Forks,North Dakota,,
183,51031,51,92.5,Campbell,Virginia,,
184,19179,19,67.42,Wapello,Iowa,,
185,1017,1,46.58,Chambers,Alabama,,
186,26117,26,71.08,Montcalm,Michigan,,
187,30067,30,169.5,Park,Montana,,
188,47101,47,51.33,Lewis,Tennessee,,
189,54033,54,76.33,Harrison,West Virginia,,
190,28059,28,73.92,Jackson,Mississippi,,
191,20027,20,65.33,Clay,Kansas,,
192,26099,26,113.5,Macomb,Michigan,,
193,6013,6,378.25,Contra Costa,California,,
194,12021,12,205.75,Collier,Florida,,
195,48019,48,127.75,Bandera,Texas,,
196,24041,24,161.42,Talbot,Maryland,,
197,36039,36,108.75,Greene,New York,,
198,6057,6,245.5,Nevada,California,,
199,37061,37,59.42,Duplin,North Carolina,,
200,51119,51,140.42,Middlesex,Virginia,,
201,12117,12,132.42,Seminole,Florida,,
202,20069,20,70.67,Gray,Kansas,,
203,21227,21,99.08,Warren,Kentucky,,
204,27099,27,79.0,Mower,Minnesota,,
205,29099,29,125.67,Jefferson,Missouri,,
206,51590,51,48.5,Danville City,Virginia,,
207,26145,26,60.17,Saginaw,Michigan,,
208,29029,29,99.25,Camden,Missouri,,
209,20141,20,52.42,Osborne,Kansas,,
210,37167,37,80.67,Stanly,North Carolina,,
211,42095,42,121.92,Northampton,Pennsylvania,,
212,53065,53,132.42,Stevens,Washington,,
213,55105,55,94.92,Rock,Wisconsin,,
214,40101,40,61.33,Muskogee,Oklahoma,,
215,8101,8,114.92,Pueblo,Colorado,,
216,1069,1,81.58,Houston,Alabama,,
217,27025,27,173.0,Chisago,Minnesota,,
218,13009,13,67.17,Baldwin,Georgia,,
219,20119,20,54.33,Meade,Kansas,,
220,21177,21,59.83,Muhlenberg,Kentucky,,
221,48255,48,50.25,Karnes,Texas,,
222,12075,12,84.5,Levy,Florida,,
223,51121,51,114.25,Montgomery,Virginia,,
224,23031,23,193.58,York,Maine,,
225,41015,41,188.67,Curry,Oregon,,
226,25021,25,283.67,Norfolk,Massachusetts,,
227,48119,48,49.75,Delta,Texas,,
228,36101,36,62.17,Steuben,New York,,
229,36075,36,66.75,Oswego,New York,,
230,13301,13,36.25,Warren,Georgia,,
231,54037,54,107.58,Jefferson,West Virginia,,
232,28115,28,61.0,Pontotoc,Mississippi,,
233,55055,55,105.5,Jefferson,Wisconsin,,
234,34009,34,286.42,Cape May,New Jersey,,
235,29201,29,71.83,Scott,Missouri,,
236,47087,47,64.17,Jackson,Tennessee,,
237,22017,22,73.33,Caddo,Louisiana,,
238,20057,20,89.58,Ford,Kansas,,
239,53017,53,199.83,Douglas,Washington,,
240,39107,39,91.5,Mercer,Ohio,,
241,51810,51,149.0,Virginia Beach City,Virginia,,
242,22015,22,107.08,Bossier,Louisiana,,
243,36121,36,65.5,Wyoming,New York,,
244,5063,5,61.92,Independence,Arkansas,,
245,37087,37,123.58,Haywood,North Carolina,,
246,51735,51,146.33,Poquoson City,Virginia,,
247,13143,13,66.75,Haralson,Georgia,,
248,18167,18,57.5,Vigo,Indiana,,
249,45091,45,106.5,York,South Carolina,,
250,42083,42,47.92,McKean,Pennsylvania,,
251,12103,12,149.0,Pinellas,Florida,,
252,53073,53,198.92,Whatcom,Washington,,
253,50001,50,131.5,Addison,Vermont,,
254,37099,37,124.42,Jackson,North Carolina,,
255,45013,45,167.83,Beaufort,South Carolina,,
256,20131,20,63.58,Nemaha,Kansas,,
257,25005,25,197.08,Bristol,Massachusetts,,
258,1125,1,88.08,Tuscaloosa,Alabama,,
259,48391,48,47.83,Refugio,Texas,,
260,1081,1,88.67,Lee,Alabama,,
261,30017,30,140.5,Custer,Montana,,
262,39101,39,65.0,Marion,Ohio,,
263,36061,36,1448.92,New York,New York,,
264,28141,28,57.08,Tishomingo,Mississippi,,
265,51800,51,120.58,Suffolk City,Virginia,,
266,41035,41,103.25,Klamath,Oregon,,
267,1097,1,69.83,Mobile,Alabama,,
268,37021,37,172.0,Buncombe,North Carolina,,
269,18103,18,54.67,Miami,Indiana,,
270,55093,55,105.5,Pierce,Wisconsin,,
271,42041,42,115.92,Cumberland,Pennsylvania,,
272,37107,37,54.0,Lenoir,North Carolina,,
273,39037,39,74.17,Darke,Ohio,,
274,18063,18,96.25,Hendricks,Indiana,,
275,39005,39,84.5,Ashland,Ohio,,
276,40017,40,92.08,Canadian,Oklahoma,,
277,55035,55,111.67,Eau Claire,Wisconsin,,
278,18033,18,80.17,De Kalb,Indiana,,
279,30041,30,162.17,Hill,Montana,,
280,23023,23,139.25,Sagadahoc,Maine,,
281,27057,27,117.17,Hubbard,Minnesota,,
282,48445,48,59.5,Terry,Texas,,
283,24035,24,172.08,Queen Annes,Maryland,,
284,47163,47,76.67,Sullivan,Tennessee,,
285,19183,19,93.25,Washington,Iowa,,
286,20099,20,36.75,Labette,Kansas,,
287,13169,13,66.75,Jones,Georgia,,
288,18111,18,69.0,Newton,Indiana,,
289,49037,49,201.25,San Juan,Utah,,
290,36017,36,58.17,Chenango,New York,,
291,49041,49,97.5,Sevier,Utah,,
292,55133,55,151.08,Waukesha,Wisconsin,,
293,8003,8,103.25,Alamosa,Colorado,,
294,47083,47,58.67,Houston,Tennessee,,
295,13033,13,50.42,Burke,Georgia,,
296,48115,48,43.0,Dawson,Texas,,
297,16013,16,295.5,Blaine,Idaho,,
298,51065,51,121.5,Fluvanna,Virginia,,
299,48153,48,51.83,Floyd,Texas,,
300,51540,51,219.17,Charlottesville City,Virginia,,
301,12033,12,86.58,Escambia,Florida,,
302,8031,8,322.08,Denver,Colorado,,
303,42003,42,103.17,Allegheny,Pennsylvania,,
304,53031,53,216.08,Jefferson,Washington,,
305,55083,55,89.67,Oconto,Wisconsin,,
306,28017,28,44.17,Chickasaw,Mississippi,,
307,42071,42,128.33,Lancaster,Pennsylvania,,
308,44003,44,174.42,Kent,Rhode Island,,
309,27043,27,77.17,Faribault,Minnesota,,
310,17099,17,76.33,La Salle,Illinois,,
311,6029,6,128.83,Kern,California,,
312,50021,50,87.58,Rutland,Vermont,,
313,29077,29,78.42,Greene,Missouri,,
314,55017,55,92.58,Chippewa,Wisconsin,,
315,29037,29,112.25,Cass,Missouri,,
316,20205,20,46.0,Wilson,Kansas,,
317,20073,20,48.58,Greenwood,Kansas,,
318,20059,20,75.67,Franklin,Kansas,,
319,13153,13,70.25,Houston,Georgia,,
320,47185,47,75.42,White,Tennessee,,
321,36041,36,119.17,Hamilton,New York,,
322,31053,31,101.33,Dodge,Nebraska,,
323,47041,47,79.17,Dekalb,Tennessee,,
324,47103,47,68.17,Lincoln,Tennessee,,
325,19153,19,127.5,Polk,Iowa,,
326,6035,6,115.08,Lassen,California,,
327,20051,20,90.83,Ellis,Kansas,,
328,26049,26,44.25,Genesee,Michigan,,
329,48389,48,48.67,Reeves,Texas,,
330,31025,31,117.25,Cass,Nebraska,,
331,4009,4,89.58,Graham,Arizona,,
332,6059,6,415.5,Orange,California,,
333,47167,47,72.0,Tipton,Tennessee,,
334,47157,47,69.17,Shelby,Tennessee,,
335,37007,37,46.25,Anson,North Carolina,,
336,48473,48,92.75,Waller,Texas,,
337,20003,20,49.92,Anderson,Kansas,,
338,20041,20,69.5,Dickinson,Kansas,,
339,36023,36,78.58,Cortland,New York,,
340,18177,18,62.17,Wayne,Indiana,,
341,37039,37,88.25,Cherokee,North Carolina,,
342,48149,48,100.17,Fayette,Texas,,
343,6045,6,240.42,Mendocino,California,,
344,53057,53,200.25,Skagit,Washington,,
345,13261,13,48.17,Sumter,Georgia,,
346,20159,20,49.08,Rice,Kansas,,
347,40009,40,69.08,Beckham,Oklahoma,,
348,30095,30,135.17,Stillwater,Montana,,
349,6067,6,212.5,Sacramento,California,,
350,40065,40,53.83,Jackson,Oklahoma,,
351,55031,55,87.25,Douglas,Wisconsin,,
352,42063,42,81.58,Indiana,Pennsylvania,,
353,51191,51,92.17,Washington,Virginia,,
354,40083,40,92.75,Logan,Oklahoma,,
355,8059,8,242.42,Jefferson,Colorado,,
356,18013,18,120.83,Brown,Indiana,,
357,41043,41,154.08,Linn,Oregon,,
358,32005,32,204.67,Douglas,Nevada,,
359,8083,8,139.92,Montezuma,Colorado,,
360,37169,37,83.08,Stokes,North Carolina,,
361,36103,36,320.42,Suffolk,New York,,
362,25025,25,454.75,Suffolk,Massachusetts,,
363,39073,39,59.83,Hocking,Ohio,,
364,13087,13,64.92,Decatur,Georgia,,
365,37089,37,134.83,Henderson,North Carolina,,
366,13117,13,123.58,Forsyth,Georgia,,
367,48331,48,63.58,Milam,Texas,,
368,27027,27,120.83,Clay,Minnesota,,
369,26017,26,45.25,Bay,Michigan,,
370,27035,27,136.33,Crow Wing,Minnesota,,
371,4007,4,141.33,Gila,Arizona,,
372,55073,55,80.5,Marathon,Wisconsin,,
373,1055,1,53.92,Etowah,Alabama,,
374,21113,21,95.5,Jessamine,Kentucky,,
375,18137,18,80.75,Ripley,Indiana,,
376,56009,56,155.58,Converse,Wyoming,,
377,39123,39,104.75,Ottawa,Ohio,,
378,13305,13,63.83,Wayne,Georgia,,
379,20089,20,48.42,Jewell,Kansas,,
380,23011,23,101.92,Kennebec,Maine,,
381,28153,28,57.0,Wayne,Mississippi,,
382,13257,13,64.58,Stephens,Georgia,,
383,39003,39,66.0,Allen,Ohio,,
384,5141,5,67.08,Van Buren,Arkansas,,
385,34025,34,211.17,Monmouth,New Jersey,,
386,13029,13,109.83,Bryan,Georgia,,
387,27049,27,140.67,Goodhue,Minnesota,,
388,34013,34,209.92,Essex,New Jersey,,
389,45063,45,83.92,Lexington,South Carolina,,
390,22055,22,107.92,Lafayette,Louisiana,,
391,30057,30,163.08,Madison,Montana,,
392,47019,47,79.0,Carter,Tennessee,,
393,13213,13,78.25,Murray,Georgia,,
394,2110,2,211.83,Juneau,Alaska,,
395,48099,48,65.42,Coryell,Texas,,
396,37057,37,85.0,Davidson,North Carolina,,
397,6025,6,139.42,Imperial,California,,
398,17109,17,68.58,McDonough,Illinois,,
399,5091,5,73.08,Miller,Arkansas,,
400,51057,51,105.67,Essex,Virginia,,
401,37077,37,94.0,Granville,North Carolina,,
402,48107,48,52.08,Crosby,Texas,,
403,12086,12,187.92,Miami-Dade,Florida,,
404,42061,42,78.5,Huntingdon,Pennsylvania,,
405,39169,39,98.83,Wayne,Ohio,,
406,39173,39,94.67,Wood,Ohio,,
407,26077,26,93.92,Kalamazoo,Michigan,,
408,26045,26,99.08,Eaton,Michigan,,
409,16005,16,115.25,Bannock,Idaho,,
410,55141,55,66.42,Wood,Wisconsin,,
411,25019,25,784.92,Nantucket,Massachusetts,,
412,12113,12,103.67,Santa Rosa,Florida,,
413,28035,28,71.5,Forrest,Mississippi,,
414,36095,36,83.0,Schoharie,New York,,
415,6095,6,246.58,Solano,California,,
416,56007,56,127.92,Carbon,Wyoming,,
417,42009,42,84.33,Bedford,Pennsylvania,,
418,28105,28,87.83,Oktibbeha,Mississippi,,
419,27169,27,97.08,Winona,Minnesota,,
420,20039,20,56.33,Decatur,Kansas,,
421,42111,42,60.75,Somerset,Pennsylvania,,
422,53009,53,165.83,Clallam,Washington,,
423,49011,49,169.33,Davis,Utah,,
424,6023,6,189.58,Humboldt,California,,
425,27111,27,96.67,Otter Tail,Minnesota,,
426,48305,48,49.5,Lynn,Texas,,
427,12109,12,140.5,Saint Johns,Florida,,
428,4005,4,191.83,Coconino,Arizona,,
429,47153,47,67.75,Sequatchie,Tennessee,,
430,23015,23,145.0,Lincoln,Maine,,
431,27059,27,153.42,Isanti,Minnesota,,
432,41047,41,164.75,Marion,Oregon,,
433,5143,5,99.75,Washington,Arkansas,,
434,47059,47,71.92,Greene,Tennessee,,
435,18093,18,64.0,Lawrence,Indiana,,
436,48337,48,43.75,Montague,Texas,,
437,12073,12,114.5,Leon,Florida,,
438,30001,30,116.83,Beaverhead,Montana,,
439,36057,36,69.08,Montgomery,New York,,
440,16069,16,93.58,Nez Perce,Idaho,,
441,45079,45,78.5,Richland,South Carolina,,
442,33011,33,158.25,Hillsborough,New Hampshire,,
443,8107,8,313.58,Routt,Colorado,,
444,8035,8,217.33,Douglas,Colorado,,
445,39059,39,80.83,Guernsey,Ohio,,
446,21081,21,102.17,Grant,Kentucky,,
447,41027,41,242.25,Hood River,Oregon,,
448,37151,37,80.08,Randolph,North Carolina,,
449,18017,18,53.75,Cass,Indiana,,
450,48501,48,71.0,Yoakum,Texas,,
451,47113,47,61.25,Madison,Tennessee,,
452,51083,51,64.92,Halifax,Virginia,,
453,53063,53,146.25,Spokane,Washington,,
454,48003,48,96.33,Andrews,Texas,,
455,42091,42,156.5,Montgomery,Pennsylvania,,
456,53005,53,147.92,Benton,Washington,,
457,48221,48,110.33,Hood,Texas,,
458,20209,20,72.33,Wyandotte,Kansas,,
459,12093,12,78.25,Okeechobee,Florida,,
460,42007,42,102.75,Beaver,Pennsylvania,,
461,28023,28,47.67,Clarke,Mississippi,,
462,20161,20,122.25,Riley,Kansas,,
463,26023,26,70.17,Branch,Michigan,,
464,42021,42,50.0,Cambria,Pennsylvania,,
465,39045,39,105.92,Fairfield,Ohio,,
466,30005,30,151.83,Blaine,Montana,,
467,18037,18,90.17,Dubois,Indiana,,
468,51630,51,152.0,Fredericksburg City,Virginia,,
469,39161,39,58.42,Van Wert,Ohio,,
470,42017,42,168.83,Bucks,Pennsylvania,,
471,54081,54,64.08,Raleigh,West Virginia,,
472,12097,12,112.08,Osceola,Florida,,
473,6017,6,239.75,El Dorado,California,,
474,48297,48,62.83,Live Oak,Texas,,
475,36011,36,75.83,Cayuga,New York,,
476,27061,27,127.58,Itasca,Minnesota,,
477,26047,26,101.92,Emmet,Michigan,,
478,16021,16,128.0,Boundary,Idaho,,
479,36089,36,59.0,Saint Lawrence,New York,,
480,26025,26,76.42,Calhoun,Michigan,,
481,8069,8,197.83,Larimer,Colorado,,
482,40071,40,55.58,Kay,Oklahoma,,
483,35001,35,117.92,Bernalillo,New Mexico,,
484,4021,4,98.75,Pinal,Arizona,,
485,48041,48,111.58,Brazos,Texas,,
486,18175,18,69.92,Washington,Indiana,,
487,36065,36,83.5,Oneida,New York,,
488,51153,51,194.0,Prince William,Virginia,,
489,42001,42,121.75,Adams,Pennsylvania,,
490,17199,17,65.67,Williamson,Illinois,,
491,5035,5,72.17,Crittenden,Arkansas,,
492,33009,33,124.08,Grafton,New Hampshire,,
493,20009,20,63.25,Barton,Kansas,,
494,45051,45,111.08,Horry,South Carolina,,
495,48239,48,68.0,Jackson,Texas,,
496,55009,55,90.67,Brown,Wisconsin,,
497,27053,27,204.58,Hennepin,Minnesota,,
498,37037,37,140.92,Chatham,North Carolina,,
499,45083,45,81.58,Spartanburg,South Carolina,,
500,39069,39,54.17,Henry,Ohio,,
501,12105,12,100.08,Polk,Florida,,
502,29213,29,89.5,Taney,Missouri,,
503,42045,42,126.0,Delaware,Pennsylvania,,
504,39031,39,65.42,Coshocton,Ohio,,
505,18099,18,80.5,Marshall,Indiana,,
506,39149,39,80.58,Shelby,Ohio,,
507,47043,47,99.42,Dickson,Tennessee,,
508,24009,24,161.17,Calvert,Maryland,,
509,39035,39,82.92,Cuyahoga,Ohio,,
510,48175,48,52.17,Goliad,Texas,,
511,29071,29,99.25,Franklin,Missouri,,
512,18143,18,68.75,Scott,Indiana,,
513,48369,48,57.92,Parmer,Texas,,
514,17077,17,60.92,Jackson,Illinois,,
515,48073,48,63.25,Cherokee,Texas,,
516,51840,51,145.33,Winchester City,Virginia,,
517,13145,13,96.83,Harris,Georgia,,
518,47077,47,59.67,Henderson,Tennessee,,
519,50015,50,132.0,Lamoille,Vermont,,
520,42005,42,71.58,Armstrong,Pennsylvania,,
521,31111,31,97.0,Lincoln,Nebraska,,
522,20151,20,61.92,Pratt,Kansas,,
523,56023,56,126.75,Lincoln,Wyoming,,
524,6073,6,347.42,San Diego,California,,
525,39011,39,82.67,Auglaize,Ohio,,
526,53037,53,167.0,Kittitas,Washington,,
527,36083,36,120.17,Rensselaer,New York,,
528,27153,27,95.42,Todd,Minnesota,,
529,51155,51,81.58,Pulaski,Virginia,,
530,40091,40,69.67,McIntosh,Oklahoma,,
531,13123,13,107.25,Gilmer,Georgia,,
532,6099,6,178.42,Stanislaus,California,,
533,55089,55,143.0,Ozaukee,Wisconsin,,
534,20157,20,50.33,Republic,Kansas,,
535,28163,28,57.83,Yazoo,Mississippi,,
536,48351,48,63.58,Newton,Texas,,
537,27065,27,89.92,Kanabec,Minnesota,,
538,12099,12,160.08,Palm Beach,Florida,,
539,48183,48,76.08,Gregg,Texas,,
540,49023,49,192.33,Juab,Utah,,
541,17063,17,114.83,Grundy,Illinois,,
542,17021,17,66.42,Christian,Illinois,,
543,53067,53,163.17,Thurston,Washington,,
544,26165,26,63.08,Wexford,Michigan,,
545,47171,47,71.42,Unicoi,Tennessee,,
546,17203,17,107.75,Woodford,Illinois,,
547,19163,19,116.58,Scott,Iowa,,
548,39063,39,85.58,Hancock,Ohio,,
549,20175,20,83.0,Seward,Kansas,,
550,28121,28,96.42,Rankin,Mississippi,,
551,40119,40,87.67,Payne,Oklahoma,,
552,18085,18,98.33,Kosciusko,Indiana,,
553,40121,40,67.17,Pittsburg,Oklahoma,,
554,39117,39,93.67,Morrow,Ohio,,
555,12083,12,84.58,Marion,Florida,,
556,17137,17,73.08,Morgan,Illinois,,
557,28119,28,47.92,Quitman,Mississippi,,
558,55027,55,85.25,Dodge,Wisconsin,,
559,42025,42,90.92,Carbon,Pennsylvania,,
560,42029,42,158.5,Chester,Pennsylvania,,
561,18075,18,50.33,Jay,Indiana,,
562,13037,13,34.42,Calhoun,Georgia,,
563,13187,13,107.17,Lumpkin,Georgia,,
564,16075,16,93.17,Payette,Idaho,,
565,22109,22,99.42,Terrebonne,Louisiana,,
566,32510,32,172.25,Carson City,Nevada,,
567,27041,27,164.17,Douglas,Minnesota,,
568,20133,20,42.17,Neosho,Kansas,,
569,47179,47,88.17,Washington,Tennessee,,
570,20019,20,40.58,Chautauqua,Kansas,,
571,4025,4,158.67,Yavapai,Arizona,,
572,5007,5,98.0,Benton,Arkansas,,
573,15009,15,471.5,Maui,Hawaii,,
574,27009,27,95.92,Benton,Minnesota,,
575,17089,17,118.08,Kane,Illinois,,
576,17161,17,79.92,Rock Island,Illinois,,
577,40125,40,75.58,Pottawatomie,Oklahoma,,
578,48121,48,129.67,Denton,Texas,,
579,48009,48,56.33,Archer,Texas,,
580,56001,56,163.17,Albany,Wyoming,,
581,42129,42,106.0,Westmoreland,Pennsylvania,,
582,20049,20,40.42,Elk,Kansas,,
583,8047,8,211.17,Gilpin,Colorado,,
584,37071,37,86.83,Gaston,North Carolina,,
585,36113,36,132.17,Warren,New York,,
586,20055,20,123.08,Finney,Kansas,,
587,55007,55,98.67,Bayfield,Wisconsin,,
588,37045,37,71.33,Cleveland,North Carolina,,
589,18105,18,113.17,Monroe,Indiana,,
590,39047,39,75.25,Fayette,Ohio,,
591,13175,13,59.83,Laurens,Georgia,,
592,20081,20,73.5,Haskell,Kansas,,
593,24027,24,215.5,Howard,Maryland,,
594,21059,21,85.83,Daviess,Kentucky,,
595,38089,38,164.33,Stark,North Dakota,,
596,12091,12,123.33,Okaloosa,Florida,,
597,47127,47,84.67,Moore,Tennessee,,
598,54003,54,100.42,Berkeley,West Virginia,,
599,42037,42,87.92,Columbia,Pennsylvania,,
600,39039,39,70.17,Defiance,Ohio,,
601,12123,12,62.25,Taylor,Florida,,
602,47057,47,79.92,Grainger,Tennessee,,
603,39043,39,87.92,Erie,Ohio,,
604,45075,45,63.25,Orangeburg,South Carolina,,
605,12037,12,172.0,Franklin,Florida,,
606,37083,37,56.33,Halifax,North Carolina,,
607,47051,47,80.75,Franklin,Tennessee,,
608,53001,53,104.08,Adams,Washington,,
609,17091,17,77.67,Kankakee,Illinois,,
610,20193,20,75.58,Thomas,Kansas,,
611,39165,39,104.83,Warren,Ohio,,
612,51650,51,108.67,Hampton City,Virginia,,
613,16065,16,78.75,Madison,Idaho,,
614,28101,28,56.75,Newton,Mississippi,,
615,42067,42,126.17,Juniata,Pennsylvania,,
616,17143,17,76.17,Peoria,Illinois,,
617,25003,25,136.58,Berkshire,Massachusetts,,
618,51770,51,94.0,Roanoke City,Virginia,,
619,25001,25,265.17,Barnstable,Massachusetts,,
620,27005,27,173.58,Becker,Minnesota,,
621,28111,28,62.92,Perry,Mississippi,,
622,13051,13,99.75,Chatham,Georgia,,
623,48315,48,51.83,Marion,Texas,,
624,19061,19,96.58,Dubuque,Iowa,,
625,47009,47,101.83,Blount,Tennessee,,
626,47111,47,72.08,Macon,Tennessee,,
627,39041,39,131.75,Delaware,Ohio,,
628,42085,42,69.25,Mercer,Pennsylvania,,
629,34007,34,109.33,Camden,New Jersey,,
630,38015,38,197.5,Burleigh,North Dakota,,
631,36055,36,103.75,Monroe,New York,,
632,42107,42,49.17,Schuylkill,Pennsylvania,,
633,5055,5,70.83,Greene,Arkansas,,
634,51570,51,98.67,Colonial Heights City,Virginia,,
635,18121,18,56.58,Parke,Indiana,,
636,48323,48,87.92,Maverick,Texas,,
637,24047,24,190.58,Worcester,Maryland,,
638,31159,31,114.42,Seward,Nebraska,,
639,19129,19,162.0,Mills,Iowa,,
640,5051,5,81.58,Garland,Arkansas,,
641,21151,21,91.58,Madison,Kentucky,,
642,41045,41,80.67,Malheur,Oregon,,
643,18081,18,87.25,Johnson,Indiana,,
644,20047,20,44.25,Edwards,Kansas,,
645,22071,22,159.33,Orleans,Louisiana,,
646,12119,12,157.75,Sumter,Florida,,
647,54039,54,73.17,Kanawha,West Virginia,,
648,13047,13,91.17,Catoosa,Georgia,,
649,37055,37,169.67,Dare,North Carolina,,
650,26093,26,141.67,Livingston,Michigan,,
651,27137,27,152.08,Saint Louis,Minnesota,,
652,34039,34,229.58,Union,New Jersey,,
653,34031,34,185.67,Passaic,New Jersey,,
654,51013,51,466.0,Arlington,Virginia,,
655,27145,27,99.67,Stearns,Minnesota,,
656,18145,18,76.25,Shelby,Indiana,,
657,48313,48,62.58,Madison,Texas,,
658,27171,27,188.92,Wright,Minnesota,,
659,53025,53,106.17,Grant,Washington,,
660,48015,48,52.92,Austin,Texas,,
661,20127,20,65.08,Morris,Kansas,,
662,36025,36,84.33,Delaware,New York,,
663,13195,13,72.5,Madison,Georgia,,
664,48419,48,56.08,Shelby,Texas,,
665,10001,10,115.92,Kent,Delaware,,
666,12055,12,77.67,Highlands,Florida,,
667,31011,31,91.83,Boone,Nebraska,,
668,28143,28,62.08,Tunica,Mississippi,,
669,19011,19,83.42,Benton,Iowa,,
670,21215,21,122.17,Spencer,Kentucky,,
671,41005,41,221.83,Clackamas,Oregon,,
672,41017,41,214.5,Deschutes,Oregon,,
673,18043,18,99.0,Floyd,Indiana,,
674,48271,48,65.58,Kinney,Texas,,
675,20121,20,121.25,Miami,Kansas,,
676,42097,42,58.17,Northumberland,Pennsylvania,,
677,39147,39,67.92,Seneca,Ohio,,
678,16045,16,108.58,Gem,Idaho,,
679,48373,48,86.25,Polk,Texas,,
680,51685,51,192.75,Manassas Park City,Virginia,,
681,21029,21,111.33,Bullitt,Kentucky,,
682,46099,46,132.33,Minnehaha,South Dakota,,
683,48505,48,70.58,Zapata,Texas,,
684,47055,47,73.58,Giles,Tennessee,,
685,1115,1,99.67,Saint Clair,Alabama,,
686,16001,16,135.33,Ada,Idaho,,
687,12089,12,135.08,Nassau,Florida,,
688,39113,39,73.25,Montgomery,Ohio,,
689,26137,26,69.0,Otsego,Michigan,,
690,48091,48,138.33,Comal,Texas,,
691,48475,48,48.0,Ward,Texas,,
692,29161,29,79.17,Phelps,Missouri,,
693,42117,42,77.83,Tioga,Pennsylvania,,
694,42133,42,112.83,York,Pennsylvania,,
695,17049,17,91.42,Effingham,Illinois,,
696,8013,8,279.42,Boulder,Colorado,,
697,48131,48,63.42,Duval,Texas,,
698,42011,42,103.17,Berks,Pennsylvania,,
699,26139,26,120.25,Ottawa,Michigan,,
700,32013,32,131.58,Humboldt,Nevada,,
701,20053,20,54.17,Ellsworth,Kansas,,
702,18161,18,56.33,Union,Indiana,,
703,51700,51,113.83,Newport News City,Virginia,,
704,28001,28,76.42,Adams,Mississippi,,
705,28109,28,69.17,Pearl River,Mississippi,,
706,20169,20,90.42,Saline,Kansas,,
707,17073,17,77.25,Henry,Illinois,,
708,28027,28,49.08,Coahoma,Mississippi,,
709,47089,47,87.25,Jefferson,Tennessee,,
710,20031,20,66.67,Coffey,Kansas,,
711,48491,48,125.83,Williamson,Texas,,
712,31157,31,98.75,Scotts Bluff,Nebraska,,
713,34023,34,196.75,Middlesex,New Jersey,,
714,12009,12,120.5,Brevard,Florida,,
715,45043,45,124.25,Georgetown,South Carolina,,
716,13045,13,77.33,Carroll,Georgia,,
717,2170,2,128.42,Matanuska Susitna,Alaska,,
718,8007,8,171.08,Archuleta,Colorado,,
719,17113,17,94.0,McLean,Illinois,,
720,5113,5,62.92,Polk,Arkansas,,
721,9005,9,140.42,Litchfield,Connecticut,,
722,35007,35,88.75,Colfax,New Mexico,,
723,27123,27,166.58,Ramsey,Minnesota,,
724,22019,22,100.5,Calcasieu,Louisiana,,
725,47063,47,79.33,Hamblen,Tennessee,,
726,18057,18,101.33,Hamilton,Indiana,,
727,28073,28,72.92,Lamar,Mississippi,,
728,28081,28,74.42,Lee,Mississippi,,
729,26005,26,116.42,Allegan,Michigan,,
730,12111,12,116.58,Saint Lucie,Florida,,
731,37027,37,73.75,Caldwell,North Carolina,,
732,49053,49,128.67,Washington,Utah,,
733,36059,36,323.58,Nassau,New York,,
734,18097,18,74.67,Marion,Indiana,,
735,48465,48,80.0,Val Verde,Texas,,
736,31119,31,118.25,Madison,Nebraska,,
737,24025,24,158.0,Harford,Maryland,,
738,55131,55,112.42,Washington,Wisconsin,,
739,12005,12,125.75,Bay,Florida,,
740,8077,8,143.75,Mesa,Colorado,,
741,30043,30,113.0,Jefferson,Montana,,
742,16083,16,93.92,Twin Falls,Idaho,,
743,18029,18,94.5,Dearborn,Indiana,,
744,12007,12,70.17,Bradford,Florida,,
745,51079,51,143.08,Greene,Virginia,,
746,16019,16,80.0,Bonneville,Idaho,,
747,39141,39,80.33,Ross,Ohio,,
748,54099,54,63.42,Wayne,West Virginia,,
749,26081,26,104.08,Kent,Michigan,,
750,20093,20,70.83,Kearny,Kansas,,
751,21167,21,81.33,Mercer,Kentucky,,
752,28131,28,70.83,Stone,Mississippi,,
753,30003,30,195.42,Big Horn,Montana,,
754,23019,23,98.25,Penobscot,Maine,,
755,24011,24,112.0,Caroline,Maryland,,
756,18165,18,53.0,Vermillion,Indiana,,
757,18069,18,60.42,Huntington,Indiana,,
758,1049,1,61.58,De Kalb,Alabama,,
759,13217,13,76.5,Newton,Georgia,,
760,53033,53,339.17,King,Washington,,
761,48371,48,46.58,Pecos,Texas,,
762,9001,9,224.67,Fairfield,Connecticut,,
763,8001,8,213.42,Adams,Colorado,,
764,26037,26,112.92,Clinton,Michigan,,
765,41009,41,171.08,Columbia,Oregon,,
766,42051,42,83.92,Fayette,Pennsylvania,,
767,36067,36,91.92,Onondaga,New York,,
768,13083,13,72.0,Dade,Georgia,,
769,33005,33,114.42,Cheshire,New Hampshire,,
770,19193,19,95.25,Woodbury,Iowa,,
771,20107,20,54.42,Linn,Kansas,,
772,8049,8,271.58,Grand,Colorado,,
773,39093,39,85.58,Lorain,Ohio,,
774,28095,28,62.75,Monroe,Mississippi,,
775,41059,41,113.08,Umatilla,Oregon,,
776,51775,51,115.25,Salem City,Virginia,,
777,13225,13,65.5,Peach,Georgia,,
778,45021,45,55.33,Cherokee,South Carolina,,
779,37093,37,90.17,Hoke,North Carolina,,
780,8105,8,94.58,Rio Grande,Colorado,,
781,9009,9,146.75,New Haven,Connecticut,,
782,45035,45,109.5,Dorchester,South Carolina,,
783,12087,12,415.0,Monroe,Florida,,
784,42077,42,121.08,Lehigh,Pennsylvania,,
785,51067,51,114.08,Franklin,Virginia,,
786,6097,6,393.75,Sonoma,California,,
787,37189,37,137.25,Watauga,North Carolina,,
788,13085,13,107.92,Dawson,Georgia,,
789,45037,45,75.08,Edgefield,South Carolina,,
790,20085,20,73.0,Jackson,Kansas,,
791,9013,9,138.67,Tolland,Connecticut,,
792,6001,6,527.75,Alameda,California,,
793,18001,18,68.08,Adams,Indiana,,
794,36073,36,60.92,Orleans,New York,,
795,22079,22,94.83,Rapides,Louisiana,,
796,41061,41,106.83,Union,Oregon,,
797,30081,30,144.08,Ravalli,Montana,,
798,26067,26,94.25,Ionia,Michigan,,
799,40115,40,52.92,Ottawa,Oklahoma,,
800,47093,47,105.08,Knox,Tennessee,,
801,20143,20,63.42,Ottawa,Kansas,,
802,40097,40,77.5,Mayes,Oklahoma,,
803,48017,48,57.92,Bailey,Texas,,
804,24045,24,97.42,Wicomico,Maryland,,
805,13221,13,81.42,Oglethorpe,Georgia,,
806,47125,47,90.5,Montgomery,Tennessee,,
807,33015,33,175.0,Rockingham,New Hampshire,,
808,28029,28,61.17,Copiah,Mississippi,,
809,37159,37,87.67,Rowan,North Carolina,,
810,37025,37,104.75,Cabarrus,North Carolina,,
811,13281,13,108.33,Towns,Georgia,,
812,20091,20,134.5,Johnson,Kansas,,
813,24015,24,141.25,Cecil,Maryland,,
814,13089,13,92.08,Dekalb,Georgia,,
815,39001,39,54.92,Adams,Ohio,,
816,39083,39,99.17,Knox,Ohio,,
817,6115,6,147.42,Yuba,California,,
818,6087,6,507.25,Santa Cruz,California,,
819,13313,13,78.0,Whitfield,Georgia,,
820,27159,27,85.08,Wadena,Minnesota,,
821,42081,42,99.83,Lycoming,Pennsylvania,,
822,42075,42,110.17,Lebanon,Pennsylvania,,
823,16009,16,112.25,Benewah,Idaho,,
824,1073,1,73.92,Jefferson,Alabama,,
825,26101,26,81.08,Manistee,Michigan,,
826,13199,13,60.58,Meriwether,Georgia,,
827,6065,6,188.17,Riverside,California,,
828,48075,48,42.92,Childress,Texas,,
829,40047,40,79.58,Garfield,Oklahoma,,
830,12101,12,103.17,Pasco,Florida,,
831,50023,50,119.75,Washington,Vermont,,
832,16051,16,122.42,Jefferson,Idaho,,
833,53053,53,178.0,Pierce,Washington,,
834,29189,29,123.17,Saint Louis,Missouri,,
835,39135,39,79.67,Preble,Ohio,,
836,21093,21,87.25,Hardin,Kentucky,,
837,48061,48,65.17,Cameron,Texas,,
838,38017,38,171.67,Cass,North Dakota,,
839,18149,18,68.17,Starke,Indiana,,
840,22005,22,119.5,Ascension,Louisiana,,
841,39049,39,106.0,Franklin,Ohio,,
842,21111,21,114.58,Jefferson,Kentucky,,
843,37147,37,77.67,Pitt,North Carolina,,
844,51089,51,63.0,Henry,Virginia,,
845,27003,27,183.0,Anoka,Minnesota,,
846,20207,20,44.25,Woodson,Kansas,,
847,37053,37,134.58,Currituck,North Carolina,,
848,36027,36,162.42,Dutchess,New York,,
849,6077,6,186.58,San Joaquin,California,,
850,12031,12,100.0,Duval,Florida,,
851,26019,26,111.67,Benzie,Michigan,,
852,47073,47,77.17,Hawkins,Tennessee,,
853,42013,42,63.08,Blair,Pennsylvania,,
854,18107,18,72.0,Montgomery,Indiana,,
855,40095,40,71.25,Marshall,Oklahoma,,
856,36035,36,81.67,Fulton,New York,,
857,47065,47,84.42,Hamilton,Tennessee,,
858,36033,36,63.67,Franklin,New York,,
859,26065,26,93.08,Ingham,Michigan,,
860,47145,47,78.08,Roane,Tennessee,,
861,13299,13,46.75,Ware,Georgia,,
862,18127,18,103.67,Porter,Indiana,,
863,49035,49,193.25,Salt Lake,Utah,,
864,19017,19,107.25,Bremer,Iowa,,
865,42049,42,85.33,Erie,Pennsylvania,,
866,41051,41,306.67,Multnomah,Oregon,,
867,19123,19,85.08,Mahaska,Iowa,,
868,18009,18,44.25,Blackford,Indiana,,
869,42103,42,79.67,Pike,Pennsylvania,,
870,20123,20,57.75,Mitchell,Kansas,,
871,47105,47,104.67,Loudon,Tennessee,,
872,55021,55,100.67,Columbia,Wisconsin,,
873,48455,48,63.25,Trinity,Texas,,
874,26127,26,85.33,Oceana,Michigan,,
875,48037,48,58.92,Bowie,Texas,,
876,8113,8,481.17,San Miguel,Colorado,,
877,37157,37,71.33,Rockingham,North Carolina,,
878,39033,39,65.25,Crawford,Ohio,,
879,5131,5,72.5,Sebastian,Arkansas,,
880,20007,20,49.67,Barber,Kansas,,
881,51041,51,119.08,Chesterfield,Virginia,,
882,39127,39,76.92,Perry,Ohio,,
883,21017,21,84.42,Bourbon,Kentucky,,
884,39153,39,89.08,Summit,Ohio,,
885,36063,36,91.17,Niagara,New York,,
886,48127,48,61.08,Dimmit,Texas,,
887,30015,30,158.5,Chouteau,Montana,,
888,13113,13,115.33,Fayette,Georgia,,
889,16043,16,157.08,Fremont,Idaho,,
890,35013,35,88.25,Dona Ana,New Mexico,,
891,36115,36,90.17,Washington,New York,,
892,13295,13,66.17,Walker,Georgia,,
893,41019,41,129.17,Douglas,Oregon,,
894,20183,20,51.0,Smith,Kansas,,
895,12115,12,159.83,Sarasota,Florida,,
896,33001,33,149.0,Belknap,New Hampshire,,
897,48441,48,78.17,Taylor,Texas,,
898,25009,25,242.17,Essex,Massachusetts,,
899,20165,20,50.33,Rush,Kansas,,
900,18153,18,49.5,Sullivan,Indiana,,
901,39109,39,88.5,Miami,Ohio,,
902,20103,20,104.42,Leavenworth,Kansas,,
903,6103,6,135.75,Tehama,California,,
904,51680,51,80.58,Lynchburg City,Virginia,,
905,20077,20,49.0,Harper,Kansas,,
906,56045,56,176.08,Weston,Wyoming,,
907,28033,28,89.08,DeSoto,Mississippi,,
908,24005,24,162.75,Baltimore,Maryland,,
909,37069,37,102.25,Franklin,North Carolina,,
910,36105,36,86.67,Sullivan,New York,,
911,51023,51,119.92,Botetourt,Virginia,,
912,33013,33,137.5,Merrimack,New Hampshire,,
913,6113,6,246.83,Yolo,California,,
914,8014,8,232.75,Broomfield,Colorado,,
915,12053,12,86.0,Hernando,Florida,,
916,39087,39,71.0,Lawrence,Ohio,,
917,4013,4,143.58,Maricopa,Arizona,,
918,17195,17,63.92,Whiteside,Illinois,,
919,37109,37,97.42,Lincoln,North Carolina,,
920,13105,13,48.92,Elbert,Georgia,,
921,29095,29,86.75,Jackson,Missouri,,
922,45029,45,76.75,Colleton,South Carolina,,
923,39119,39,80.75,Muskingum,Ohio,,
924,49021,49,92.33,Iron,Utah,,
925,36001,36,144.42,Albany,New York,,
926,17115,17,64.75,Macon,Illinois,,
927,51099,51,148.25,King George,Virginia,,
928,21049,21,88.33,Clark,Kentucky,,
929,56033,56,153.17,Sheridan,Wyoming,,
930,13119,13,69.92,Franklin,Georgia,,
931,48163,48,51.58,Frio,Texas,,
932,13135,13,101.83,Gwinnett,Georgia,,
933,55059,55,124.33,Kenosha,Wisconsin,,
934,22075,22,133.17,Plaquemines,Louisiana,,
935,22045,22,71.83,Iberia,Louisiana,,
936,28089,28,102.92,Madison,Mississippi,,
937,6071,6,204.08,San Bernardino,California,,
938,27067,27,97.58,Kandiyohi,Minnesota,,
939,8093,8,187.42,Park,Colorado,,
940,47097,47,47.58,Lauderdale,Tennessee,,
941,26155,26,65.17,Shiawassee,Michigan,,
942,36029,36,108.5,Erie,New York,,
943,41041,41,183.25,Lincoln,Oregon,,
944,24019,24,96.67,Dorchester,Maryland,,
945,25017,25,298.17,Middlesex,Massachusetts,,
946,20021,20,45.75,Cherokee,Kansas,,
947,19013,19,100.0,Black Hawk,Iowa,,
948,13255,13,62.42,Spalding,Georgia,,
949,20191,20,54.0,Sumner,Kansas,,
950,25027,25,169.92,Worcester,Massachusetts,,
951,40143,40,83.42,Tulsa,Oklahoma,,
952,47035,47,80.17,Cumberland,Tennessee,,
953,30063,30,197.33,Missoula,Montana,,
954,5125,5,87.92,Saline,Arkansas,,
955,26163,26,70.83,Wayne,Michigan,,
956,51830,51,154.83,Williamsburg City,Virginia,,
957,18045,18,54.17,Fountain,Indiana,,
958,18019,18,87.17,Clark,Indiana,,
959,20045,20,118.08,Douglas,Kansas,,
960,18151,18,99.75,Steuben,Indiana,,
961,16073,16,104.5,Owyhee,Idaho,,
962,42035,42,89.08,Clinton,Pennsylvania,,
963,19127,19,48.33,Marshall,Iowa,,
964,1113,1,57.42,Russell,Alabama,,
965,27131,27,152.75,Rice,Minnesota,,
966,45045,45,98.75,Greenville,South Carolina,,
967,15003,15,521.08,Honolulu,Hawaii,,
968,39133,39,95.83,Portage,Ohio,,
969,31047,31,77.5,Dawson,Nebraska,,
970,22101,22,76.0,Saint Mary,Louisiana,,
971,6085,6,682.58,Santa Clara,California,,
972,13179,13,73.75,Liberty,Georgia,,
973,13103,13,98.42,Effingham,Georgia,,
974,18005,18,92.92,Bartholomew,Indiana,,
975,23013,23,151.17,Knox,Maine,,
976,13077,13,101.83,Coweta,Georgia,,
977,30035,30,176.75,Glacier,Montana,,
978,21107,21,68.25,Hopkins,Kentucky,,
979,17083,17,86.83,Jersey,Illinois,,
980,37101,37,104.0,Johnston,North Carolina,,
981,27091,27,51.58,Martin,Minnesota,,
982,18133,18,81.83,Putnam,Indiana,,
983,22103,22,115.0,Saint Tammany,Louisiana,,
984,28031,28,58.58,Covington,Mississippi,,
985,29069,29,54.92,Dunklin,Missouri,,
986,37127,37,72.67,Nash,North Carolina,,
987,55115,55,71.83,Shawano,Wisconsin,,
988,39159,39,120.58,Union,Ohio,,
989,51199,51,143.25,York,Virginia,,
990,12051,12,83.0,Hendry,Florida,,
991,26069,26,70.92,Iosco,Michigan,,
992,18123,18,72.58,Perry,Indiana,,
993,16015,16,114.67,Boise,Idaho,,
994,22121,22,111.75,West Baton Rouge,Louisiana,,
995,55099,55,68.5,Price,Wisconsin,,
996,37195,37,74.67,Wilson,North Carolina,,
997,21035,21,79.83,Calloway,Kentucky,,
998,47045,47,53.83,Dyer,Tennessee,,
999,54107,54,73.5,Wood,West Virginia,,
1000,26059,26,91.17,Hillsdale,Michigan,,
1001,17019,17,91.75,Champaign,Illinois,,
1002,24029,24,127.83,Kent,Maryland,,
1003,48043,48,108.17,Brewster,Texas,,
1004,18181,18,77.0,White,Indiana,,
1005,24043,24,120.58,Washington,Maryland,,
1006,51033,51,132.5,Caroline,Virginia,,
1007,39057,39,94.33,Greene,Ohio,,
1008,55079,55,92.92,Milwaukee,Wisconsin,,
1009,26009,26,111.75,Antrim,Michigan,,
1010,48427,48,50.0,Starr,Texas,,
1011,50027,50,104.5,Windsor,Vermont,,
1012,29185,29,102.17,Saint Clair,Missouri,,
1013,28083,28,41.17,Leflore,Mississippi,,
1014,53007,53,206.75,Chelan,Washington,,
1015,25013,25,141.58,Hampden,Massachusetts,,
1016,27163,27,136.83,Washington,Minnesota,,
1017,50011,50,114.83,Franklin,Vermont,,
1018,5069,5,50.58,Jefferson,Arkansas,,
1019,26089,26,165.67,Leelanau,Michigan,,
1020,48207,48,37.92,Haskell,Texas,,
1021,18179,18,73.0,Wells,Indiana,,
1022,9003,9,141.5,Hartford,Connecticut,,
1023,13227,13,110.92,Pickens,Georgia,,
1024,13185,13,71.58,Lowndes,Georgia,,
1025,15001,15,264.0,Hawaii,Hawaii,,
1026,19103,19,148.83,Johnson,Iowa,,
1027,6039,6,137.92,Madera,California,,
1028,8085,8,137.5,Montrose,Colorado,,
1029,18139,18,61.75,Rush,Indiana,,
1030,28093,28,62.08,Marshall,Mississippi,,
1031,20113,20,89.0,McPherson,Kansas,,
1032,27147,27,97.67,Steele,Minnesota,,
1033,51670,51,79.67,Hopewell City,Virginia,,
1034,37129,37,132.25,New Hanover,North Carolina,,
1035,6107,6,130.67,Tulare,California,,
1036,48439,48,103.75,Tarrant,Texas,,
1037,51107,51,219.33,Loudoun,Virginia,,
1038,48065,48,46.75,Carson,Texas,,
1039,21209,21,108.42,Scott,Kentucky,,
1040,17093,17,105.75,Kendall,Illinois,,
1041,13233,13,59.33,Polk,Georgia,,
1042,27093,27,124.83,Meeker,Minnesota,,
1043,42027,42,140.58,Centre,Pennsylvania,,
1044,48279,48,61.92,Lamb,Texas,,
1045,13231,13,87.42,Pike,Georgia,,
1046,5031,5,79.42,Craighead,Arkansas,,
1047,18011,18,103.25,Boone,Indiana,,
1048,51103,51,138.33,Lancaster,Virginia,,
1049,36069,36,103.33,Ontario,New York,,
1050,17057,17,64.08,Fulton,Illinois,,
1051,23005,23,185.67,Cumberland,Maine,,
1052,39095,39,69.5,Lucas,Ohio,,
1053,37063,37,115.08,Durham,North Carolina,,
1054,41071,41,181.17,Yamhill,Oregon,,
1055,48007,48,142.42,Aransas,Texas,,
1056,31153,31,99.17,Sarpy,Nebraska,,
1057,48027,48,72.83,Bell,Texas,,
1058,20155,20,64.58,Reno,Kansas,,
1059,21037,21,101.83,Campbell,Kentucky,,
1060,13129,13,79.0,Gordon,Georgia,,
1061,39025,39,107.5,Clermont,Ohio,,
1062,48113,48,109.42,Dallas,Texas,,
1063,51177,51,148.33,Spotsylvania,Virginia,,
1064,51179,51,137.5,Stafford,Virginia,,
1065,18067,18,60.83,Howard,Indiana,,
1066,41067,41,224.67,Washington,Oregon,,
1067,21047,21,78.42,Christian,Kentucky,,
1068,54079,54,92.58,Putnam,West Virginia,,
1069,36079,36,203.0,Putnam,New York,,
1070,50007,50,192.92,Chittenden,Vermont,,
1071,51740,51,106.75,Portsmouth City,Virginia,,
1072,53077,53,134.42,Yakima,Washington,,
1073,8123,8,163.08,Weld,Colorado,,
1074,55113,55,134.67,Sawyer,Wisconsin,,
1075,55127,55,115.25,Walworth,Wisconsin,,
1076,8089,8,59.67,Otero,Colorado,,
1077,30105,30,145.42,Valley,Montana,,
1078,18003,18,72.0,Allen,Indiana,,
1079,37149,37,134.33,Polk,North Carolina,,
1080,37111,37,75.75,McDowell,North Carolina,,
1081,48381,48,86.67,Randall,Texas,,
1082,48083,48,39.33,Coleman,Texas,,
1083,47071,47,66.0,Hardin,Tennessee,,
1084,25023,25,224.0,Plymouth,Massachusetts,,
1085,8019,8,225.08,Clear Creek,Colorado,,
1086,17031,17,164.42,Cook,Illinois,,
1087,42079,42,63.17,Luzerne,Pennsylvania,,
1088,19167,19,113.08,Sioux,Iowa,,
1089,41053,41,152.17,Polk,Oregon,,
1090,45077,45,97.42,Pickens,South Carolina,,
1091,29113,29,123.17,Lincoln,Missouri,,
1092,8065,8,170.5,Lake,Colorado,,
1093,53045,53,162.17,Mason,Washington,,
1094,13035,13,74.58,Butts,Georgia,,
1095,39143,39,70.83,Sandusky,Ohio,,
1096,39099,39,59.17,Mahoning,Ohio,,
1097,47177,47,66.67,Warren,Tennessee,,
1098,6005,6,181.58,Amador,California,,
1099,37065,37,44.33,Edgecombe,North Carolina,,
1100,40027,40,95.33,Cleveland,Oklahoma,,
1101,16011,16,106.42,Bingham,Idaho,,
1102,18159,18,63.67,Tipton,Indiana,,
1103,39097,39,103.58,Madison,Ohio,,
1104,55033,55,83.17,Dunn,Wisconsin,,
1105,51187,51,155.25,Warren,Virginia,,
1106,40145,40,85.33,Wagoner,Oklahoma,,
1107,28123,28,91.75,Scott,Mississippi,,
1108,6063,6,151.75,Plumas,California,,
1109,6053,6,342.33,Monterey,California,,
1110,8045,8,238.42,Garfield,Colorado,,
1111,51087,51,129.5,Henrico,Virginia,,
1112,36071,36,143.17,Orange,New York,,
1113,29183,29,131.58,Saint Charles,Missouri,,
1114,19049,19,136.5,Dallas,Iowa,,
1115,40135,40,62.17,Sequoyah,Oklahoma,,
1116,48463,48,83.25,Uvalde,Texas,,
1117,18101,18,55.17,Martin,Indiana,,
1118,34005,34,130.75,Burlington,New Jersey,,
1119,40081,40,73.33,Lincoln,Oklahoma,,
1120,12011,12,162.67,Broward,Florida,,
1121,36119,36,325.33,Westchester,New York,,
1122,40049,40,60.25,Garvin,Oklahoma,,
1123,19095,19,99.92,Iowa,Iowa,,
1124,20005,20,60.5,Atchison,Kansas,,
1125,24013,24,179.67,Carroll,Maryland,,
1126,19099,19,94.58,Jasper,Iowa,,
1127,19139,19,92.25,Muscatine,Iowa,,
1128,13291,13,125.92,Union,Georgia,,
1129,53039,53,153.58,Klickitat,Washington,,
1130,41029,41,168.0,Jackson,Oregon,,
1131,4001,4,97.67,Apache,Arizona,,
1132,56013,56,134.08,Fremont,Wyoming,,
1133,39155,39,63.17,Trumbull,Ohio,,
1134,13115,13,75.42,Floyd,Georgia,,
1135,48477,48,106.0,Washington,Texas,,
1136,48117,48,66.58,Deaf Smith,Texas,,
1137,27139,27,193.08,Scott,Minnesota,,
1138,5045,5,89.0,Faulkner,Arkansas,,
1139,40021,40,73.17,Cherokee,Oklahoma,,
1140,48397,48,118.25,Rockwall,Texas,,
1141,16031,16,88.58,Cassia,Idaho,,
1142,20167,20,51.0,Russell,Kansas,,
1143,36031,36,120.58,Essex,New York,,
1144,48085,48,132.92,Collin,Texas,,
1145,26075,26,77.75,Jackson,Michigan,,
1146,56043,56,110.5,Washakie,Wyoming,,
1147,12107,12,69.25,Putnam,Florida,,
1148,22117,22,63.08,Washington,Louisiana,,
1149,17015,17,48.25,Carroll,Illinois,,
1150,40153,40,78.75,Woodward,Oklahoma,,
1151,20097,20,66.58,Kiowa,Kansas,,
1152,40055,40,41.17,Greer,Oklahoma,,
1153,18095,18,57.5,Madison,Indiana,,
1154,12041,12,89.5,Gilchrist,Florida,,
1155,36015,36,68.33,Chemung,New York,,
1156,49049,49,170.25,Utah,Utah,,
1157,48227,48,51.83,Howard,Texas,,
1158,26125,26,134.08,Oakland,Michigan,,
1159,36009,36,51.75,Cattaraugus,New York,,
1160,47015,47,93.67,Cannon,Tennessee,,
1161,18015,18,68.58,Carroll,Indiana,,
1162,22105,22,96.0,Tangipahoa,Louisiana,,
1163,18007,18,48.58,Benton,Indiana,,
1164,34029,34,165.17,Ocean,New Jersey,,
1165,29101,29,77.42,Johnson,Missouri,,
1166,13057,13,115.58,Cherokee,Georgia,,
1167,27097,27,79.58,Morrison,Minnesota,,
1168,44001,44,207.92,Bristol,Rhode Island,,
1169,20061,20,94.58,Geary,Kansas,,
1170,40003,40,52.5,Alfalfa,Oklahoma,,
1171,34003,34,265.17,Bergen,New Jersey,,
1172,40079,40,59.5,LeFlore,Oklahoma,,
1173,35049,35,189.17,Santa Fe,New Mexico,,
1174,51165,51,117.0,Rockingham,Virginia,,
1175,37035,37,87.67,Catawba,North Carolina,,
1176,37125,37,112.58,Moore,North Carolina,,
1177,13297,13,91.08,Walton,Georgia,,
1178,55111,55,97.08,Sauk,Wisconsin,,
1179,4023,4,79.75,Santa Cruz,Arizona,,
1180,37019,37,127.83,Brunswick,North Carolina,,
1181,22115,22,81.75,Vernon,Louisiana,,
1182,27055,27,74.08,Houston,Minnesota,,
1183,9007,9,155.92,Middlesex,Connecticut,,
1184,30089,30,93.17,Sanders,Montana,,
1185,6021,6,144.25,Glenn,California,,
1186,53059,53,183.08,Skamania,Washington,,
1187,17081,17,52.58,Jefferson,Illinois,,
1188,13147,13,79.08,Hart,Georgia,,
1189,20001,20,50.92,Allen,Kansas,,
1190,16081,16,154.42,Teton,Idaho,,
1191,36093,36,110.08,Schenectady,New York,,
1192,48225,48,44.83,Houston,Texas,,
1193,12071,12,140.33,Lee,Florida,,
1194,30021,30,154.75,Dawson,Montana,,
1195,28099,28,59.75,Neshoba,Mississippi,,
1196,13013,13,91.92,Barrow,Georgia,,
1197,36005,36,242.67,Bronx,New York,,
1198,30073,30,168.42,Pondera,Montana,,
1199,48495,48,56.75,Winkler,Texas,,
1200,17053,17,59.0,Ford,Illinois,,
1201,13275,13,73.42,Thomas,Georgia,,
1202,26091,26,99.42,Lenawee,Michigan,,
1203,55063,55,97.0,La Crosse,Wisconsin,,
1204,29175,29,61.5,Randolph,Missouri,,
1205,18049,18,67.83,Fulton,Indiana,,
1206,47189,47,128.83,Wilson,Tennessee,,
1207,12045,12,117.08,Gulf,Florida,,
1208,24039,24,75.67,Somerset,Maryland,,
1209,42127,42,99.0,Wayne,Pennsylvania,,
1210,21067,21,102.83,Fayette,Kentucky,,
1211,37003,37,95.0,Alexander,North Carolina,,
1212,8119,8,145.08,Teller,Colorado,,
1213,19045,19,69.17,Clinton,Iowa,,
1214,26159,26,87.83,Van Buren,Michigan,,
1215,47003,47,96.5,Bedford,Tennessee,,
1216,28039,28,71.58,George,Mississippi,,
1217,18047,18,80.42,Franklin,Indiana,,
1218,17043,17,169.0,Du Page,Illinois,,
1219,55061,55,70.08,Kewaunee,Wisconsin,,
1220,6069,6,292.83,San Benito,California,,
1221,51760,51,127.83,Richmond City,Virginia,,
1222,48353,48,43.75,Nolan,Texas,,
1223,47183,47,50.17,Weakley,Tennessee,,
1224,47133,47,67.92,Overton,Tennessee,,
1225,13097,13,83.58,Douglas,Georgia,,
1226,18023,18,62.75,Clinton,Indiana,,
1227,29187,29,61.58,Saint Francois,Missouri,,
1228,53015,53,117.92,Cowlitz,Washington,,
1229,24021,24,155.83,Frederick,Maryland,,
1230,12039,12,63.0,Gadsden,Florida,,
1231,48437,48,56.42,Swisher,Texas,,
1232,13021,13,57.67,Bibb,Georgia,,
1233,47001,47,82.0,Anderson,Tennessee,,
1234,39013,39,74.42,Belmont,Ohio,,
1235,39139,39,65.92,Richland,Ohio,,
1236,51143,51,80.25,Pittsylvania,Virginia,,
1237,8097,8,833.25,Pitkin,Colorado,,
1238,19041,19,89.75,Clay,Iowa,,
1239,20139,20,65.17,Osage,Kansas,,
1240,6033,6,168.75,Lake,California,,
1241,45031,45,67.5,Darlington,South Carolina,,
1242,51003,51,176.25,Albemarle,Virginia,,
1243,21217,21,74.25,Taylor,Kentucky,,
1244,5033,5,70.83,Crawford,Arkansas,,
1245,40041,40,86.58,Delaware,Oklahoma,,
1246,48237,48,50.75,Jack,Texas,,
1247,49045,49,149.83,Tooele,Utah,,
1248,47169,47,86.42,Trousdale,Tennessee,,
1249,18031,18,78.5,Decatur,Indiana,,
1250,29047,29,109.5,Clay,Missouri,,
1251,28087,28,63.33,Lowndes,Mississippi,,
1252,48251,48,102.75,Johnson,Texas,,
1253,28065,28,63.33,Jefferson Davis,Mississippi,,
1254,41007,41,177.42,Clatsop,Oregon,,
1255,27085,27,95.83,McLeod,Minnesota,,
1256,26113,26,69.58,Missaukee,Michigan,,
1257,37049,37,91.83,Craven,North Carolina,,
1258,4015,4,117.58,Mohave,Arizona,,
1259,18183,18,82.08,Whitley,Indiana,,
1260,27141,27,173.92,Sherburne,Minnesota,,
1261,24510,24,108.42,Baltimore City,Maryland,,
1262,47023,47,64.5,Chester,Tennessee,,
1263,18039,18,88.83,Elkhart,Indiana,,
1264,27045,27,85.0,Fillmore,Minnesota,,
1265,48141,48,77.58,El Paso,Texas,,
1266,40137,40,50.17,Stephens,Oklahoma,,
1267,6051,6,293.58,Mono,California,,
1268,20117,20,58.17,Marshall,Kansas,,
1269,8091,8,203.5,Ouray,Colorado,,
1270,13211,13,112.67,Morgan,Georgia,,
1271,49003,49,131.58,Box Elder,Utah,,
1272,39065,39,50.83,Hardin,Ohio,,
1273,40037,40,78.5,Creek,Oklahoma,,
1274,45003,45,76.17,Aiken,South Carolina,,
1275,13293,13,46.25,Upson,Georgia,,
1276,19187,19,73.67,Webster,Iowa,,
1277,28021,28,44.42,Claiborne,Mississippi,,
1278,8039,8,255.0,Elbert,Colorado,,
1279,12133,12,67.5,Washington,Florida,,
1280,53035,53,221.5,Kitsap,Washington,,
1281,4012,4,99.58,La Paz,Arizona,,
1282,53055,53,298.42,San Juan,Washington,,
1283,56021,56,160.5,Laramie,Wyoming,,
1284,28043,28,59.33,Grenada,Mississippi,,
1285,53027,53,109.42,Grays Harbor,Washington,,
1286,33007,33,77.33,Coos,New Hampshire,,
1287,1077,1,73.42,Lauderdale,Alabama,,
1288,47005,47,53.17,Benton,Tennessee,,
1289,37171,37,44.67,Surry,North Carolina,,
1290,1001,1,82.0,Autauga,Alabama,,
1291,32003,32,134.25,Clark,Nevada,,
1292,36099,36,71.33,Seneca,New York,,
1293,20197,20,80.33,Wabaunsee,Kansas,,
1294,17027,17,82.25,Clinton,Illinois,,
1295,28061,28,58.92,Jasper,Mississippi,,
1296,36123,36,95.33,Yates,New York,,
1297,26015,26,111.42,Barry,Michigan,,
1298,20037,20,50.33,Crawford,Kansas,,
1299,17201,17,66.5,Winnebago,Illinois,,
1300,18077,18,74.33,Jefferson,Indiana,,
1301,36087,36,243.25,Rockland,New York,,
1302,39089,39,96.67,Licking,Ohio,,
1303,48145,48,42.33,Falls,Texas,,
1304,28107,28,60.75,Panola,Mississippi,,
1305,19021,19,81.92,Buena Vista,Iowa,,
1306,48021,48,112.17,Bastrop,Texas,,
1307,21185,21,136.0,Oldham,Kentucky,,
1308,56017,56,154.83,Hot Springs,Wyoming,,
1309,37105,37,79.92,Lee,North Carolina,,
1310,51059,51,289.25,Fairfax,Virginia,,
1311,42043,42,104.33,Dauphin,Pennsylvania,,
1312,13171,13,68.75,Lamar,Georgia,,
1313,30111,30,162.42,Yellowstone,Montana,,
1314,13121,13,139.42,Fulton,Georgia,,
1315,51015,51,128.83,Augusta,Virginia,,
1316,48341,48,75.92,Moore,Texas,,
1317,39167,39,90.0,Washington,Ohio,,
1318,47013,47,75.67,Campbell,Tennessee,,
1319,22073,22,89.33,Ouachita,Louisiana,,
1320,39145,39,70.5,Scioto,Ohio,,
1321,1003,1,106.25,Baldwin,Alabama,,
1322,20105,20,50.67,Lincoln,Kansas,,
1323,51161,51,123.33,Roanoke,Virginia,,
1324,42121,42,53.92,Venango,Pennsylvania,,
1325,36051,36,84.33,Livingston,New York,,
1326,29225,29,65.92,Webster,Missouri,,
1327,42073,42,60.17,Lawrence,Pennsylvania,,
1328,48387,48,105.0,Red River,Texas,,
1329,30097,30,162.5,Sweet Grass,Montana,,
1330,47031,47,82.58,Coffee,Tennessee,,
1331,54029,54,62.0,Hancock,West Virginia,,
1332,51127,51,130.67,New Kent,Virginia,,
1333,51061,51,191.67,Fauquier,Virginia,,
1334,21019,21,61.75,Boyd,Kentucky,,
1335,39021,39,80.17,Champaign,Ohio,,
1336,12063,12,57.33,Jackson,Florida,,
1337,51171,51,127.92,Shenandoah,Virginia,,
1338,36091,36,151.92,Saratoga,New York,,
1339,8037,8,413.92,Eagle,Colorado,,
1340,36019,36,84.75,Clinton,New York,,
1341,48335,48,35.08,Mitchell,Texas,,
1342,40087,40,95.83,McClain,Oklahoma,,
1343,13067,13,115.67,Cobb,Georgia,,
1344,19169,19,134.83,Story,Iowa,,
1345,53021,53,131.17,Franklin,Washington,,
1346,41011,41,137.25,Coos,Oregon,,
1347,55139,55,94.92,Winnebago,Wisconsin,,
1348,28011,28,69.17,Bolivar,Mississippi,,
1349,53029,53,207.08,Island,Washington,,
1350,12131,12,183.17,Walton,Florida,,
1351,47187,47,168.92,Williamson,Tennessee,,
1352,28009,28,51.67,Benton,Mississippi,,
1353,26111,26,85.83,Midland,Michigan,,
1354,1009,1,84.0,Blount,Alabama,,
1355,18109,18,91.0,Morgan,Indiana,,
1356,34017,34,285.92,Hudson,New Jersey,,
1357,36081,36,444.0,Queens,New York,,
1358,20185,20,46.25,Stafford,Kansas,,
1359,26149,26,71.92,Saint Joseph,Michigan,,
1360,29510,29,109.67,Saint Louis City,Missouri,,
1361,27039,27,144.42,Dodge,Minnesota,,
1362,51109,51,132.0,Louisa,Virginia,,
1363,20181,20,64.25,Sherman,Kansas,,
1364,36107,36,73.33,Tioga,New York,,
1365,6011,6,140.25,Colusa,California,,
1366,8005,8,221.17,Arapahoe,Colorado,,
1367,28003,28,62.83,Alcorn,Mississippi,,
1368,20177,20,78.42,Shawnee,Kansas,,
1369,6041,6,615.5,Marin,California,,
1370,51125,51,133.08,Nelson,Virginia,,
1371,11001,11,493.5,District of Columbia,District of Columbia,,
1372,6019,6,142.58,Fresno,California,,
1373,36109,36,138.92,Tompkins,New York,,
1374,6007,6,174.75,Butte,California,,
1375,27013,27,133.42,Blue Earth,Minnesota,,
1376,37081,37,88.5,Guilford,North Carolina,,
1377,12027,12,81.58,De Soto,Florida,,
1378,51009,51,113.25,Amherst,Virginia,,
1379,27157,27,93.67,Wabasha,Minnesota,,
1380,17117,17,50.0,Macoupin,Illinois,,
1381,54061,54,123.33,Monongalia,West Virginia,,
1382,55095,55,99.5,Polk,Wisconsin,,
1383,18135,18,45.83,Randolph,Indiana,,
1384,20173,20,94.83,Sedgwick,Kansas,,
1385,1033,1,61.75,Colbert,Alabama,,
1386,12057,12,121.5,Hillsborough,Florida,,
1387,45055,45,81.75,Kershaw,South Carolina,,
1388,13015,13,92.08,Bartow,Georgia,,
1389,13183,13,69.83,Long,Georgia,,
1390,5059,5,67.25,Hot Spring,Arkansas,,
1391,44009,44,216.92,Washington,Rhode Island,,
1392,33019,33,106.08,Sullivan,New Hampshire,,
1393,27083,27,58.42,Lyon,Minnesota,,
1394,55075,55,71.58,Marinette,Wisconsin,,
1395,17001,17,76.83,Adams,Illinois,,
1396,5023,5,85.33,Cleburne,Arkansas,,
1397,55109,55,130.33,Saint Croix,Wisconsin,,
1398,36043,36,66.08,Herkimer,New York,,
1399,5065,5,56.33,Izard,Arkansas,,
1400,13095,13,48.33,Dougherty,Georgia,,
1401,6037,6,399.25,Los Angeles,California,,
1402,6055,6,390.33,Napa,California,,
1403,47021,47,122.5,Cheatham,Tennessee,,
1404,30053,30,96.33,Lincoln,Montana,,
1405,39061,39,95.17,Hamilton,Ohio,,
1406,18027,18,74.33,Daviess,Indiana,,
1407,40089,40,56.67,McCurtain,Oklahoma,,
1408,13137,13,88.83,Habersham,Georgia,,
1409,53071,53,157.17,Walla Walla,Washington,,
1410,16039,16,88.67,Elmore,Idaho,,
1411,21073,21,286.92,Franklin,Kentucky,,
1412,20029,20,49.75,Cloud,Kansas,,
1413,12127,12,111.5,Volusia,Florida,,
1414,39015,39,65.75,Brown,Ohio,,
1415,26147,26,93.25,Saint Clair,Michigan,,
1416,22051,22,119.58,Jefferson,Louisiana,,
1417,47017,47,47.25,Carroll,Tennessee,,
1418,47109,47,53.42,McNairy,Tennessee,,
1419,13127,13,100.33,Glynn,Georgia,,
1420,18089,18,87.0,Lake,Indiana,,
1421,36007,36,71.42,Broome,New York,,
1422,26123,26,80.25,Newaygo,Michigan,,
1423,34041,34,129.17,Warren,New Jersey,,
1424,47037,47,142.25,Davidson,Tennessee,,
1425,26021,26,94.25,Berrien,Michigan,,
1426,34019,34,177.42,Hunterdon,New Jersey,,
1427,17167,17,73.5,Sangamon,Illinois,,
1428,31105,31,58.92,Kimball,Nebraska,,
1429,47119,47,108.92,Maury,Tennessee,,
1430,23017,23,158.92,Oxford,Maine,,
1431,2020,2,191.33,Anchorage,Alaska,,
1432,16017,16,157.75,Bonner,Idaho,,
1433,36053,36,85.83,Madison,New York,,
1434,47085,47,66.67,Humphreys,Tennessee,,
1435,22095,22,82.92,Saint John the Baptist,Louisiana,,
1436,45041,45,78.83,Florence,South Carolina,,
1437,51137,51,129.25,Orange,Virginia,,
1438,19113,19,121.75,Linn,Iowa,,
1439,18061,18,87.92,Harrison,Indiana,,
1440,47047,47,97.0,Fayette,Tennessee,,
1441,10003,10,158.17,New Castle,Delaware,,
1442,12095,12,125.58,Orange,Florida,,
1443,30077,30,181.08,Powell,Montana,,
1444,55087,55,91.75,Outagamie,Wisconsin,,
1445,28145,28,70.83,Union,Mississippi,,
1446,18157,18,85.25,Tippecanoe,Indiana,,
1447,34037,34,141.33,Sussex,New Jersey,,
1448,51047,51,149.08,Culpeper,Virginia,,
1449,40051,40,74.92,Grady,Oklahoma,,
1450,34001,34,109.5,Atlantic,New Jersey,,
1451,51169,51,71.83,Scott,Virginia,,
1452,39137,39,86.33,Putnam,Ohio,,
1453,18169,18,60.5,Wabash,Indiana,,
1454,47149,47,122.83,Rutherford,Tennessee,,
1455,24017,24,150.5,Charles,Maryland,,
1456,19057,19,68.25,Des Moines,Iowa,,
1457,44005,44,250.67,Newport,Rhode Island,,
1458,29055,29,86.33,Crawford,Missouri,,
1459,51710,51,125.5,Norfolk City,Virginia,,
1460,13031,13,75.67,Bulloch,Georgia,,
1461,25011,25,134.83,Franklin,Massachusetts,,
1462,18113,18,81.58,Noble,Indiana,,
1463,20035,20,49.0,Cowley,Kansas,,
1464,20043,20,68.25,Doniphan,Kansas,,
1465,2090,2,126.83,Fairbanks North Star,Alaska,,
1466,18147,18,67.25,Spencer,Indiana,,
1467,18117,18,62.25,Orange,Indiana,,
1468,49013,49,101.5,Duchesne,Utah,,
1469,18073,18,91.83,Jasper,Indiana,,
1470,48231,48,70.92,Hunt,Texas,,
1471,4017,4,115.67,Navajo,Arizona,,
1472,37191,37,56.83,Wayne,North Carolina,,
1473,31109,31,132.75,Lancaster,Nebraska,,
1474,42069,42,65.25,Lackawanna,Pennsylvania,,
1475,35017,35,94.17,Grant,New Mexico,,
1476,56005,56,145.5,Campbell,Wyoming,,
1477,18125,18,54.83,Pike,Indiana,,
1478,48025,48,54.58,Bee,Texas,,
1479,40111,40,49.42,Okmulgee,Oklahoma,,
1480,17111,17,118.25,McHenry,Illinois,,
1481,53047,53,128.42,Okanogan,Washington,,
1482,53011,53,194.25,Clark,Washington,,
1483,13219,13,119.83,Oconee,Georgia,,
1484,40147,40,65.67,Washington,Oklahoma,,
1485,51075,51,149.25,Goochland,Virginia,,
1486,23001,23,119.08,Androscoggin,Maine,,
1487,48135,48,91.17,Ector,Texas,,
1488,12023,12,75.33,Columbia,Florida,,
1489,55117,55,78.92,Sheboygan,Wisconsin,,
1490,12001,12,108.42,Alachua,Florida,,
1491,21211,21,117.08,Shelby,Kentucky,,
1492,29019,29,92.92,Boone,Missouri,,
1493,12061,12,121.25,Indian River,Florida,,
1494,17105,17,63.75,Livingston,Illinois,,
1495,48181,48,82.25,Grayson,Texas,,
1496,13063,13,61.67,Clayton,Georgia,,
1497,6075,6,955.17,San Francisco,California,,
1498,19015,19,91.17,Boone,Iowa,,
1499,6101,6,159.0,Sutter,California,,
1500,29121,29,59.0,Macon,Missouri,,
1501,28129,28,58.33,Smith,Mississippi,,
1502,20033,20,45.25,Comanche,Kansas,,
1503,34015,34,115.0,Gloucester,New Jersey,,
1504,21117,21,107.25,Kenton,Kentucky,,
1505,37179,37,114.17,Union,North Carolina,,
1506,48159,48,60.33,Franklin,Texas,,
1507,24003,24,215.5,Anne Arundel,Maryland,,
1508,29013,29,65.75,Bates,Missouri,,
1509,48189,48,48.25,Hale,Texas,,
1510,17037,17,92.0,De Kalb,Illinois,,
1511,42065,42,100.67,Jefferson,Pennsylvania,,
1512,29117,29,74.42,Livingston,Missouri,,
1513,37181,37,68.75,Vance,North Carolina,,
1514,49029,49,259.92,Morgan,Utah,,
1515,21145,21,75.92,McCracken,Kentucky,,
1516,51145,51,137.33,Powhatan,Virginia,,
1517,20149,20,119.25,Pottawatomie,Kansas,,
1518,22061,22,72.83,Lincoln,Louisiana,,
1519,45085,45,70.25,Sumter,South Carolina,,
1520,37145,37,86.92,Person,North Carolina,,
1521,34021,34,154.42,Mercer,New Jersey,,
1522,37059,37,91.75,Davie,North Carolina,,
1523,42033,42,51.83,Clearfield,Pennsylvania,,
1524,13215,13,62.5,Muscogee,Georgia,,
1525,55015,55,103.75,Calumet,Wisconsin,,
1526,21101,21,83.33,Henderson,Kentucky,,
1527,12049,12,56.08,Hardee,Florida,,
1528,13139,13,106.42,Hall,Georgia,,
1529,32007,32,141.75,Elko,Nevada,,
1530,28149,28,62.58,Warren,Mississippi,,
1531,37085,37,89.67,Harnett,North Carolina,,
1532,18083,18,59.17,Knox,Indiana,,
1533,36085,36,317.58,Richmond,New York,,
1534,48489,48,55.0,Willacy,Texas,,
1535,34035,34,209.25,Somerset,New Jersey,,
1536,23003,23,54.5,Aroostook,Maine,,
1537,37097,37,102.75,Iredell,North Carolina,,
1538,12017,12,87.42,Citrus,Florida,,
1539,47147,47,110.92,Robertson,Tennessee,,
1540,51600,51,271.58,Fairfax City,Virginia,,
1541,29051,29,86.33,Cole,Missouri,,
1542,18051,18,72.58,Gibson,Indiana,,
1543,55025,55,164.5,Dane,Wisconsin,,
1544,2130,2,170.33,Ketchikan Gateway,Alaska,,
1545,39071,39,66.75,Highland,Ohio,,
1546,55045,55,87.42,Green,Wisconsin,,
1547,9015,9,130.25,Windham,Connecticut,,
1548,47033,47,55.17,Crockett,Tennessee,,
1549,40123,40,74.08,Pontotoc,Oklahoma,,
1550,17179,17,85.5,Tazewell,Illinois,,
1551,22033,22,115.0,East Baton Rouge,Louisiana,,
1552,28019,28,55.08,Choctaw,Mississippi,,
1553,39019,39,77.08,Carroll,Ohio,,
1554,49047,49,109.17,Uintah,Utah,,
1555,51073,51,131.83,Gloucester,Virginia,,
1556,47117,47,91.58,Marshall,Tennessee,,
1557,18079,18,70.67,Jennings,Indiana,,
1558,38055,38,120.58,McLean,North Dakota,,
1559,47079,47,59.92,Henry,Tennessee,,
1560,47081,47,81.5,Hickman,Tennessee,,
1561,24037,24,155.08,Saint Marys,Maryland,,
1562,56015,56,117.92,Goshen,Wyoming,,
1563,13055,13,58.5,Chattooga,Georgia,,
1564,20015,20,68.17,Butler,Kansas,,
1565,28025,28,60.0,Clay,Mississippi,,
1566,26103,26,89.92,Marquette,Michigan,,
1567,28147,28,56.83,Walthall,Mississippi,,
1568,24001,24,64.08,Allegany,Maryland,,
1569,12129,12,97.67,Wakulla,Florida,,
1570,47115,47,78.08,Marion,Tennessee,,
1571,6043,6,145.92,Mariposa,California,,
1572,17085,17,84.33,Jo Daviess,Illinois,,
1573,48365,48,57.5,Panola,Texas,,
1574,39171,39,67.0,Williams,Ohio,,
1575,17119,17,79.33,Madison,Illinois,,
1576,31067,31,85.42,Gage,Nebraska,,
1577,37031,37,147.67,Carteret,North Carolina,,
1578,48507,48,62.08,Zavala,Texas,,
1579,18163,18,78.0,Vanderburgh,Indiana,,
1580,16055,16,137.92,Kootenai,Idaho,,
1581,55085,55,102.67,Oneida,Wisconsin,,
1582,47161,47,67.5,Stewart,Tennessee,,
1583,51520,51,75.75,Bristol City,Virginia,,
1584,39017,39,98.5,Butler,Ohio,,
1585,55013,55,84.83,Burnett,Wisconsin,,
1586,5145,5,71.08,White,Arkansas,,
1587,18059,18,87.75,Hancock,Indiana,,
1588,24023,24,107.92,Garrett,Maryland,,
1589,13011,13,86.25,Banks,Georgia,,
1590,18041,18,48.92,Fayette,Indiana,,
1591,45007,45,80.25,Anderson,South Carolina,,
1592,47049,47,73.0,Fentress,Tennessee,,
1593,39051,39,86.67,Fulton,Ohio,,
1594,55005,55,77.5,Barron,Wisconsin,,
1595,20013,20,53.5,Brown,Kansas,,
1596,24033,24,178.83,Prince Georges,Maryland,,
1597,1051,1,86.42,Elmore,Alabama,,
1598,28053,28,45.75,Humphreys,Mississippi,,
1599,21015,21,108.08,Boone,Kentucky,,
1600,53041,53,132.83,Lewis,Washington,,
1601,12003,12,94.67,Baker,Florida,,
1602,41013,41,150.75,Crook,Oregon,,
1603,51095,51,143.42,James City,Virginia,,
1604,47011,47,87.83,Bradley,Tennessee,,
1605,5005,5,77.17,Baxter,Arkansas,,
1606,48399,48,39.92,Runnels,Texas,,
1607,36049,36,70.83,Lewis,New York,,
1608,48093,48,48.25,Comanche,Texas,,
1609,16053,16,93.92,Jerome,Idaho,,
1610,19155,19,88.25,Pottawattamie,Iowa,,
1611,13285,13,68.58,Troup,Georgia,,
1612,13311,13,96.67,White,Georgia,,
1613,51069,51,142.25,Frederick,Virginia,,
1614,28051,28,53.83,Holmes,Mississippi,,
1615,37183,37,132.5,Wake,North Carolina,,
1616,51185,51,65.17,Tazewell,Virginia,,
1617,24031,24,265.25,Montgomery,Maryland,,
1618,37155,37,55.58,Robeson,North Carolina,,
1619,48217,48,59.83,Hill,Texas,,
1620,48467,48,79.42,Van Zandt,Texas,,
1621,36077,36,81.5,Otsego,New York,,
1622,5009,5,72.83,Boone,Arkansas,,
1623,41057,41,184.17,Tillamook,Oregon,,
1624,47141,47,87.67,Putnam,Tennessee,,
1625,37133,37,87.17,Onslow,North Carolina,,
1626,48049,48,65.92,Brown,Texas,,
1627,34011,34,98.33,Cumberland,New Jersey,,
1628,28161,28,53.42,Yalobusha,Mississippi,,
1629,37051,37,77.75,Cumberland,North Carolina,,
1630,17097,17,134.58,Lake,Illinois,,
1631,47165,47,116.92,Sumner,Tennessee,,
1632,51820,51,109.67,Waynesboro City,Virginia,,
1633,47107,47,74.25,McMinn,Tennessee,,
1634,26043,26,62.5,Dickinson,Michigan,,
1635,18065,18,58.92,Henry,Indiana,,
1636,36111,36,135.17,Ulster,New York,,
1637,18053,18,54.67,Grant,Indiana,,
1638,36003,36,41.67,Allegany,New York,,
1639,48069,48,49.42,Castro,Texas,,
1640,30093,30,99.42,Silver Bow,Montana,,
1641,34027,34,221.92,Morris,New Jersey,,
1642,48111,48,68.5,Dallam,Texas,,
1643,29097,29,61.25,Jasper,Missouri,,
1644,13247,13,72.5,Rockdale,Georgia,,
1645,50025,50,106.83,Windham,Vermont,,
1646,45073,45,97.67,Oconee,South Carolina,,
1647,55097,55,85.33,Portage,Wisconsin,,
1648,39091,39,84.58,Logan,Ohio,,
1649,45019,45,182.83,Charleston,South Carolina,,
1650,22089,22,110.5,Saint Charles,Louisiana,,
